ID,English,Category,Notes
1,"How often the app should check for new emails, calendar events, and more."",mail,
2,"""(from default configuration)"",settings,
3,"""(from domain {origin})"",other,
4,"""(from rule {origin})"",other,
5,"""(organizer)"",other,
6,"""+{count}"",other,
7,"""-"",other,
8,"""1 hour"",other,
9,"""1 hour before"",other,
10,"""1 year"",other,
11,"""15 min"",other,
12,"""15 minutes before"",other,
13,"""2 hours"",other,
14,"""24 hours"",other,
15,"""3 months"",other,
16,"""30 min"",other,
17,"""30 minutes"",other,
18,"""30 minutes before"",other,
19,"""5 min"",other,
20,"""5 minutes before"",other,
21,"""6 hours"",other,
22,"""6 months"",other,
23,"""A contact with this identifier already exists."",contacts,
24,"""A destination folder is required"",sentences,
25,"""A distribution list with this name already exists."",sentences,
26,"""A notification message is required."",mail,
27,"""A zero-day response interval is not allowed on this domain."",sentences,
28,"""AI Anomaly"",other,
29,"""AI Attach"",other,
30,"""AI Classify"",other,
31,"""AI Draft"",other,
32,"""AI Draft Assistant"",other,
33,"""AI Enrich"",other,
34,"""AI Schedule"",other,
35,"""AI Search"",other,
36,"""AI Spam"",other,
37,"""AI Summarize"",other,
38,"""AI Transcripts"",other,
39,"""AI-suggested meeting times based on attendee availability patterns and preferences."",calendar,
40,"""API Documentation"",other,
41,"""Absolute path to the sendmail binary used for outgoing mail."",mail,
42,"""Accent color in the sidebar"",sentences,
43,"""Accept"",other,
44,"""Accepted"",other,
45,"""Access Audit Trail"",other,
46,"""Access logged"",other,
47,"""Accessor"",other,
48,"""Account"",other,
49,"""Account Name"",other,
50,"""Account created"",other,
51,"""Account deleted successfully"",actions,
52,"""Account name is required"",sentences,
53,"""Action"",other,
54,"""Action Name"",other,
55,"""Action created"",other,
56,"""Action deleted"",actions,
57,"""Action failed"",errors,
58,"""Actions"",other,
59,"""Activation constraints"",other,
60,"""Active"",other,
61,"""Active Sessions"",other,
62,"""Active Shifts"",other,
63,"""Actor"",other,
64,"""Add"",other,
65,"""Add ""{email}"""",mail,
66,"""Add ""{email}"" directly"",mail,
67,"""Add Account"",other,
68,"""Add Calendar"",calendar,
69,"""Add Resource"",other,
70,"""Add Slot"",other,
71,"""Add URL"",other,
72,"""Add User"",auth,
73,"""Add Webhook"",other,
74,"""Add a category and press Enter"",sentences,
75,"""Add a new configuration rule"",settings,
76,"""Add a user"",auth,
77,"""Add account"",other,
78,"""Add address"",contacts,
79,"""Add address book"",contacts,
80,"""Add calendar category"",calendar,
81,"""Add contact category"",contacts,
82,"""Add description to calendar"",calendar,
83,"""Add email"",mail,
84,"""Add email address and press Enter"",mail,
85,"""Add event details"",calendar,
86,"""Add filter"",other,
87,"""Add instant messaging"",other,
88,"""Add location"",other,
89,"""Add mail category"",mail,
90,"""Add new custom domain"",sentences,
91,"""Add new rule"",other,
92,"""Add note"",other,
93,"""Add notification"",other,
94,"""Add participant"",other,
95,"""Add phone"",other,
96,"""Add reminder"",other,
97,"""Add subscriptions"",other,
98,"""Add to address book"",contacts,
99,"""Add your first contact to get started."",contacts,
100,"""Add your first filter"",sentences,
101,"""Additional CSS rules to inject (optional)"",sentences,
102,"""Additional WHERE conditions to add to the sql query. Example: 'active=1'"",sentences,
103,"""Additional bind fields"",other,
104,"""Additional bind fields to use. For example if you add 'mail' the bind will also have 'mail=<login>'"",mail,
105,"""Additional email addresses"",mail,
106,"""Additionnal Field to add when searching an user. Example 'name' will find user by their name"",auth,
107,"""Additionnal filter to use for LDAP queries.
Use '=', '!=', 'AND', 'OR' and the parenthesis. Example: '(objectClass='mailUser' OR objectClass!='mailGroup') AND accountStatus='active'"",mail,
108,"""Additionnal search field for resources"",sentences,
109,"""Address Book"",contacts,
110,"""Address Book Sharing"",contacts,
111,"""Address Books"",contacts,
112,"""Address book created"",contacts,
113,"""Address book deleted"",contacts,
114,"""Address book shared successfully"",contacts,
115,"""Address book updated"",contacts,
116,"""Address books"",contacts,
117,"""Addressbook name"",contacts,
118,"""Addresses"",contacts,
119,"""Admin"",other,
120,"""Administrator Panel"",other,
121,"""Advanced structure"",other,
122,"""Affected Domains"",other,
123,"""After"",other,
124,"""After authentication, use the user's DN to bind instead"",auth,
125,"""Agenda"",other,
126,"""Aggregate Reports Email"",mail,
127,"""All"",other,
128,"""All Devices"",other,
129,"""All Donors"",other,
130,"""All Systems Operational"",other,
131,"""All Volunteers"",other,
132,"""All calendars"",calendar,
133,"""All contacts"",contacts,
134,"""All day"",other,
135,"""All deleted messages have been permanently removed."",mail,
136,"""All events"",calendar,
137,"""All fields required"",other,
138,"""All mails"",mail,
139,"""All tasks"",tasks,
140,"""All-day event notifications"",calendar,
141,"""Allow Refresh Token Mechanism"",sentences,
142,"""Allow auto formard to external domain"",sentences,
143,"""Allow auto formard to sogo domain"",sentences,
144,"""Allow auto formard to user domain"",auth,
145,"""Allow auto forward"",other,
146,"""Allow login with username only (no @domain)."",auth,
147,"""Allow mail to ask for receipts"",mail,
148,"""Allow notification"",other,
149,"""Allow notification to external domain"",sentences,
150,"""Allow notification to sogo domain"",sentences,
151,"""Allow notification to user domain"",auth,
152,"""Allow pop-ups for this site to print messages."",mail,
153,"""Allow sending read receipts for certain messages"",mail,
154,"""Allow usage of external avatar"",sentences,
155,"""Allow user on desktop to use MAPI protocol"",auth,
156,"""Allow user on mobile to use ActiveSync protocol"",auth,
157,"""Allow user to create mail identities"",mail,
158,"""Allow user to set a password recovery method"",auth,
159,"""Allow user to set a vacation message that will be send everytime without grace period"",mail,
160,"""Allow user to set a vacation message. Use the 'vacation' sieve extension (rfc5230)"",mail,
161,"""Allow user to set automatic forward to addresses known by sogo"",contacts,
162,"""Allow user to set automatic forward to addresses within the same domain"",contacts,
163,"""Allow user to set automatic forward to external addresses"",contacts,
164,"""Allow user to set automatic forward. Use the 'redirect' sieve command"",auth,
165,"""Allow user to set custom 'From' in their identities"",auth,
166,"""Allow user to set custom 'Reply-to' in their identities"",auth,
167,"""Allow user to set custom Name in their identities"",auth,
168,"""Allow user to set external account"",auth,
169,"""Allow user to set mail's filters"",mail,
170,"""Allow user to set notification to addresses known by sogo"",contacts,
171,"""Allow user to set notification to addresses within the same domain"",contacts,
172,"""Allow user to set notification to external addresses"",contacts,
173,"""Allow user to set notification. Use the 'notify' sieve extension (rfc5435)"",auth,
174,"""Allow user to set preferences to use external avatar (gravatar, libravatar...)"",auth,
175,"""Allow user to set up a Multi-Factor Authentication"",auth,
176,"""Allow users to change their password from SOGo. Make sure that your User Source give the rights to users to make that action"",auth,
177,"""Allow users to log in without selecting a domain."",auth,
178,"""Allow vacation message"",mail,
179,"""Allow vacation message everytime"",mail,
180,"""Always ask opening compose in new window or inside webmail"",mail,
181,"""Always forward"",other,
182,"""Always send vacation message response"",mail,
183,"""Always use default identity for this account"",sentences,
184,"""An IMAP flag is required"",sentences,
185,"""An address book with this name already exists."",contacts,
186,"""An error occurred during the operation."",errors,
187,"""An error occurred while creating the folder. Please try again."",errors,
188,"""An error occurred while deleting the folder. Please try again."",errors,
189,"""An error occurred while discarding your draft. Please try again."",errors,
190,"""An error occurred while exporting the folder. Please try again."",errors,
191,"""An error occurred while expunging the folder. Please try again."",errors,
192,"""An error occurred while moving the folder. Please try again."",errors,
193,"""An error occurred while purging the folder. Please try again."",errors,
194,"""An error occurred while renaming the folder. Please try again."",errors,
195,"""An error occurred while saving your draft. Please try again."",errors,
196,"""An error occurred while saving your mail filters."",mail,
197,"""An error occurred while saving your mail forwarding settings."",mail,
198,"""An error occurred while saving your mail notification settings."",mail,
199,"""An error occurred while saving your vacation settings."",errors,
200,"""An error occurred while sending your email. Please try again."",mail,
201,"""An error occurred while updating sharing settings. Please try again."",errors,
202,"""An error occurred while updating the folder type. Please try again."",errors,
203,"""An error occurred while uploading your attachment. Please try again."",errors,
204,"""An error occurred. Please try again."",errors,
205,"""Analysis"",other,
206,"""Analysis Result"",other,
207,"""Analysis failed"",errors,
208,"""Analyze"",other,
209,"""Anniversary"",other,
210,"""Anomaly Detected!"",other,
211,"""Anomaly Detection"",other,
212,"""App Portal"",other,
213,"""App Settings"",settings,
214,"""Application Name"",other,
215,"""Apply Configuration"",settings,
216,"""Apply to subfolders"",other,
217,"""Applying..."",other,
218,"""Appointment Slots"",other,
219,"""Approval Steps"",sentences,
220,"""Approval Workflows"",other,
221,"""Approvals"",other,
222,"""Archive"",other,
223,"""Are you sure you want to delete ""{folder}""? It will be moved to Trash. If it is already in Trash, it will be permanently deleted."",actions,
224,"""Are you sure you want to delete address book {name}?"",contacts,
225,"""Are you sure you want to delete rule ""{name}""?"",actions,
226,"""Are you sure you want to delete this calendar? This action cannot be undone."",calendar,
227,"""Are you sure you want to delete this resource? Existing bookings will not be removed."",actions,
228,"""Are you sure you want to delete user {uid}?"",actions,
229,"""Are you sure you want to delete {name}? This action cannot be undone."",actions,
230,"""Are you sure you want to delete {number, plural, one {# contact} other {# contacts}}? This action cannot be undone."",contacts,
231,"""Are you sure you want to expunge ""{folder}""? All messages marked as deleted will be permanently removed. This action cannot be undone."",mail,
232,"""Are you sure you want to purge ""{folder}""? All deleted messages will be permanently removed. This action cannot be undone."",mail,
233,"""Are you sure you want to revoke all inactive sessions?"",sentences,
234,"""Are you sure you want to revoke the selected sessions?"",sentences,
235,"""Are you sure you want to revoke this session?"",sentences,
236,"""As attachment"",other,
237,"""As inline"",other,
238,"""Assign Shift"",other,
239,"""Assignee Email"",mail,
240,"""Associate contacts with accounts, track interactions, categorize contacts, and record notes."",contacts,
241,"""At least one action is required"",sentences,
242,"""At least one condition is required"",sentences,
243,"""At least one email address is required when forwarding is enabled."",mail,
244,"""At least one email address is required when notifications are enabled."",mail,
245,"""At least one participant is required"",sentences,
246,"""Attached: {name}"",other,
247,"""Attachment"",other,
248,"""Attachment upload failed"",errors,
249,"""Attachment uploaded"",other,
250,"""Attachments"",other,
251,"""Attendance update failed"",errors,
252,"""Attendance updated"",other,
253,"""Attendees"",other,
254,"""Attendees, from, and to dates are required"",sentences,
255,"""Attribute fields"",other,
256,"""Attributes fields return during search query. Default to '*' meaning all. Be careful as this can heavely affected SOGo behavior"",sentences,
257,"""Audit Log"",other,
258,"""Audit Trail"",other,
259,"""Authenticated successfully"",other,
260,"""Authenticating"",other,
261,"""Authentication Error"",errors,
262,"""Authentication mechanism for sieve. If None"",sentences,
263,"""Authentication type"",other,
264,"""Authentification settings"",settings,
265,"""Auto"",other,
266,"""Auto forward blacklist domains"",sentences,
267,"""Auto forward whitelist domains"",sentences,
268,"""Auto reply message"",mail,
269,"""Auto reply message is required when vacation is enabled."",mail,
270,"""Auto reply subject"",other,
271,"""Auto-accept bookings"",other,
272,"""Auto-create tickets from emails with assignment, priority, SLA tracking, and response history."",mail,
273,"""Auto-detect document type and suggest save, forward, or archive actions."",actions,
274,"""Auto-generated after certificate upload"",sentences,
275,"""Auto-label emails: newsletter, invoice, notification, social, personal."",mail,
276,"""Automatically forward incoming messages to one or more email addresses."",mail,
277,"""Automatically forward new messages to another email address"",mail,
278,"""Automatically organize incoming messages with custom rules. Filters run in order from top to bottom."",mail,
279,"""Automatically search and dissplay users in the Global Address Book when selected. Otherwise the user has to type in to trigger the search of type '.' to search for all."",contacts,
280,"""Available"",other,
281,"""Available Days"",other,
282,"""Back to list"",other,
283,"""Background"",other,
284,"""Backup"",other,
285,"""Backup Automation"",other,
286,"""Backup completed"",other,
287,"""Backup failed"",errors,
288,"""Base DN"",other,
289,"""Base DN of your users entry. If the mail's domain is in here, you can add '%d' to dynamically add it from user mail like this: 'ou=%d,dc=example,dc=com'"",mail,
290,"""Bcc"",other,
291,"""Bind DN"",other,
292,"""Bind DN password"",auth,
293,"""Bind as User"",auth,
294,"""Biometric Auth"",other,
295,"""Birthday"",other,
296,"""Block time after Maximum API request"",sentences,
297,"""Body"",other,
298,"""Booking Policy"",other,
299,"""Branding"",other,
300,"""Branding saved"",actions,
301,"""Bridge"",other,
302,"""Buffer (min)"",other,
303,"""Bulk User Management"",auth,
304,"""Bulk Users"",auth,
305,"""Busy"",other,
306,"""Busy Slots"",other,
307,"""By default, SOGo fetch the user profile to get the user's email. Uncheck this to get the email directly from the token. Uncheck this if you're using Microsoft's Active Directory Federation Service (AD FS)"",mail,
308,"""By default, usr can only logout from webmail. Check this setting to also logout from your OpenID server, meaning the user will be logout from all applications using the OpenID server. Only works if your OpenId has a end_session_endpoint"",mail,
309,"""CC"",other,
310,"""CN field"",other,
311,"""CRM"",other,
312,"""CRM-light"",other,
313,"""CSV Format"",other,
314,"""CSV file (.csv)"",other,
315,"""Calendar"",calendar,
316,"""Calendar Color"",calendar,
317,"""Calendar Event ID"",calendar,
318,"""Calendar Name"",calendar,
319,"""Calendar Sharing"",calendar,
320,"""Calendar URL (.ics)"",calendar,
321,"""Calendar and Contact settings"",calendar,
322,"""Calendar created"",calendar,
323,"""Calendar deleted"",calendar,
324,"""Calendar invitation"",calendar,
325,"""Calendar shared successfully"",calendar,
326,"""Calendar subscribed"",calendar,
327,"""Calendar synced"",calendar,
328,"""Calendar updated"",calendar,
329,"""Calendars"",calendar,
330,"""Campaign"",other,
331,"""Can Authenticate"",other,
332,"""Can Create"",other,
333,"""Can Preview"",other,
334,"""Cancel"",actions,
335,"""Cancel import"",actions,
336,"""Cancelled"",actions,
337,"""Cannot remove yourself"",other,
338,"""Capacity"",other,
339,"""CardDAV URL"",other,
340,"""Categories"",other,
341,"""Category"",other,
342,"""Cc"",other,
343,"""Certificate Fingerprint"",other,
344,"""Certificate Import Password"",auth,
345,"""Certificate Name"",other,
346,"""Certificate generated"",other,
347,"""Change password"",auth,
348,"""Change photo"",other,
349,"""Changing password…"",auth,
350,"""Chat Rooms"",other,
351,"""Check 'From'"",other,
352,"""Check Availability"",other,
353,"""Check YES if the password is store like this in the database {scheme)encryptedValue"",auth,
354,"""Check if the from is one of the user's mail (default, aliases, identities...) before requesting the outgoing mail server"",mail,
355,"""Check the box if this User Source has resources"",auth,
356,"""Check the box to allow user to logout from your sogo and the CAS server"",auth,
357,"""Checking..."",other,
358,"""Choose a contact or distribution list from the list to view details."",contacts,
359,"""Choose a domain..."",other,
360,"""Choose a new parent for ""{folder}""."",sentences,
361,"""Choose a source..."",other,
362,"""Choose a unique name for this User Source, it won't display to users"",auth,
363,"""Choose a user..."",auth,
364,"""Choose password recovery method available for users"",auth,
365,"""Choose the semantic type for ""{folder}""."",sentences,
366,"""Choose when this email should reappear in your inbox."",mail,
367,"""City"",other,
368,"""Classification Results"",other,
369,"""Classification failed"",errors,
370,"""Classify"",other,
371,"""Clear"",other,
372,"""Clear search"",other,
373,"""Click to upload CSV"",sentences,
374,"""Click to upload or drag a document"",sentences,
375,"""Client Credentials — Save Now"",actions,
376,"""Client registered"",other,
377,"""Close"",other,
378,"""Collabora/OnlyOffice URL"",other,
379,"""Collaborative Drafts"",other,
380,"""Color"",other,
381,"""Coming soon! Stay tuned."",sentences,
382,"""Comma-separated list of domain names. Leave empty for all domains."",sentences,
383,"""Company"",other,
384,"""Complete"",other,
385,"""Completed"",other,
386,"""Compliance Settings"",settings,
387,"""Compose"",other,
388,"""Compose email in a popup"",mail,
389,"""Compose email inside the webmail"",mail,
390,"""Compose mail window"",mail,
391,"""Compose message in"",mail,
392,"""Condition value is required"",sentences,
393,"""Conditions"",other,
394,"""Confidential"",other,
395,"""Config as Code"",settings,
396,"""Configuration"",settings,
397,"""Configuration JSON is empty"",settings,
398,"""Configuration as Code"",settings,
399,"""Configuration saved"",settings,
400,"""Configuration v{{version}} applied"",settings,
401,"""Configure a new external IMAP account"",settings,
402,"""Configure colors, logo, and custom CSS for the groupware interface"",settings,
403,"""Configure system-wide behaviour for the SOGo instance."",settings,
404,"""Configure your out-of-office auto reply message and when it should be active."",mail,
405,"""Confirm New Password"",auth,
406,"""Confirmed"",other,
407,"""Contact Auto-Enrichment"",contacts,
408,"""Contact Details"",contacts,
409,"""Contact Information"",contacts,
410,"""Contact created"",contacts,
411,"""Contact deleted"",contacts,
412,"""Contact moved"",contacts,
413,"""Contact type"",contacts,
414,"""Contact updated"",contacts,
415,"""Contacts"",contacts,
416,"""Contacts into this address book"",contacts,
417,"""Contains"",other,
418,"""Copied to clipboard"",other,
419,"""Copied!"",other,
420,"""Copied: {value}"",other,
421,"""Copy"",other,
422,"""Copy URL"",other,
423,"""Copy domain name"",other,
424,"""Copy email"",mail,
425,"""Copy failed"",errors,
426,"""Copy the message to"",mail,
427,"""Copy this link to subscribe to this calendar in other calendar applications."",calendar,
428,"""Corporate"",other,
429,"""Could not apply the label."",sentences,
430,"""Could not create the address book. Please try again."",contacts,
431,"""Could not create the contact. Please try again."",contacts,
432,"""Could not create the task. Please try again."",tasks,
433,"""Could not delete the address book. Please try again."",contacts,
434,"""Could not delete the contact. Please try again."",contacts,
435,"""Could not delete the task. Please try again."",tasks,
436,"""Could not load contact"",contacts,
437,"""Could not load contacts"",contacts,
438,"""Could not load forwarding settings. Please try again later."",settings,
439,"""Could not load mail filters. Please try again later."",mail,
440,"""Could not load notification settings. Please try again later."",settings,
441,"""Could not load vacation settings. Please try again later."",settings,
442,"""Could not mark this message as spam."",mail,
443,"""Could not move the contact. Please try again."",contacts,
444,"""Could not move this message."",mail,
445,"""Could not remove the label."",sentences,
446,"""Could not restore this message."",mail,
447,"""Could not save filters"",actions,
448,"""Could not save forwarding settings"",settings,
449,"""Could not save notification settings"",settings,
450,"""Could not save vacation settings"",settings,
451,"""Could not save. Please check the form and try again."",actions,
452,"""Could not update the address book. Please try again."",contacts,
453,"""Could not update the contact. Please try again."",contacts,
454,"""Could not update the task. Please try again."",tasks,
455,"""Couldn't save your changes, try again"",actions,
456,"""Country"",other,
457,"""Course Code"",other,
458,"""Create"",other,
459,"""Create 'When are you free?' polls to find the best meeting time for internal and external participants."",calendar,
460,"""Create Account"",other,
461,"""Create Action"",other,
462,"""Create Approval Workflow"",other,
463,"""Create Calendar"",calendar,
464,"""Create Event"",calendar,
465,"""Create Group"",other,
466,"""Create New Calendar"",calendar,
467,"""Create New User"",auth,
468,"""Create Poll"",other,
469,"""Create Quick Action"",other,
470,"""Create Room"",other,
471,"""Create Rule"",other,
472,"""Create Share Link"",other,
473,"""Create Shift"",other,
474,"""Create Slot"",other,
475,"""Create Ticket"",other,
476,"""Create Transcript"",other,
477,"""Create User"",auth,
478,"""Create Webhook"",other,
479,"""Create Workflow"",other,
480,"""Create a new address book"",contacts,
481,"""Create a new bookable resource."",sentences,
482,"""Create distribution list from selection"",sentences,
483,"""Create filter"",other,
484,"""Create folder if it does not exist"",sentences,
485,"""Create multi-step approval chains for purchase orders, announcements, and more."",sentences,
486,"""Create rules to automatically organize incoming messages."",mail,
487,"""Create shareable links for files with optional password protection, expiration, and download tracking."",auth,
488,"""Create your first task to get organized."",tasks,
489,"""Create, edit, and delete user accounts in the LDAP directory"",actions,
490,"""Creating..."",other,
491,"""Creation failed"",errors,
492,"""Current Configuration"",settings,
493,"""Current Password"",auth,
494,"""Current Schema Version"",other,
495,"""Current Usage"",other,
496,"""Custom CSS"",other,
497,"""Custom Theme"",other,
498,"""Custom date"",other,
499,"""Custom domains"",other,
500,"""Customize day and hour ranges independently and optionally combine them with specific weekdays to tailor your vacation filters to your preferences."",sentences,
501,"""Customize login page appearance per domain — logo, colors, CSS, header/footer text."",auth,
502,"""Customize the look and feel of the SOGo interface"",sentences,
503,"""DB Migration"",other,
504,"""DKIM"",other,
505,"""DKIM (DomainKeys Identified Mail) adds a digital signature to outgoing emails, allowing recipients to verify the message was not altered in transit."",mail,
506,"""DKIM Alignment"",other,
507,"""DMARC"",other,
508,"""DMARC (Domain-based Message Authentication, Reporting, and Conformance) tells receiving mail servers what to do when SPF or DKIM fails. Start with p=none to monitor, then move to quarantine or reject."",mail,
509,"""DNS Wizard"",other,
510,"""Daily"",other,
511,"""Dark"",other,
512,"""Database Migration"",other,
513,"""Database URL to your users table. Example: postgresql://sogo:sogo@127.0.0.1:5432/sogo/sogo_user"",auth,
514,"""Date"",other,
515,"""Date created"",other,
516,"""Date from"",other,
517,"""Date to"",other,
518,"""Date updated"",other,
519,"""Day"",other,
520,"""Day(s)"",other,
521,"""Days of inactivity"",other,
522,"""Days showed in calendar view"",calendar,
523,"""Debug Query"",other,
524,"""Decline"",other,
525,"""Declined"",other,
526,"""Default"",other,
527,"""Default Calendar chosen when creating a new event"",calendar,
528,"""Default Event Duration"",calendar,
529,"""Default View"",other,
530,"""Default classification for events"",calendar,
531,"""Default classification for journal entries"",sentences,
532,"""Default classification for tasks"",tasks,
533,"""Default compose opening behavior"",sentences,
534,"""Default font size"",other,
535,"""Default reminder for events"",calendar,
536,"""Default reminder for journal entries"",sentences,
537,"""Default reminder for tasks"",tasks,
538,"""Default text color"",other,
539,"""Define what modules are available among mail, calendar and contact"",mail,
540,"""Degraded"",other,
541,"""Delay Between Password Recovery"",auth,
542,"""Delay in seconds before a user ca nask for a password recovery again."",auth,
543,"""Delegate"",other,
544,"""Delete"",actions,
545,"""Delete Calendar"",calendar,
546,"""Delete Resource"",actions,
547,"""Delete Rule"",actions,
548,"""Delete account {email}"",mail,
549,"""Delete contact?"",contacts,
550,"""Delete distribution list?"",actions,
551,"""Delete event?"",calendar,
552,"""Delete filter?"",actions,
553,"""Delete folder"",actions,
554,"""Delete mails older than"",mail,
555,"""Delete message"",mail,
556,"""Delete recurring event"",calendar,
557,"""Delete selected contacts"",contacts,
558,"""Delete selected tasks?"",tasks,
559,"""Delete task?"",tasks,
560,"""Delete {name}"",actions,
561,"""Deletion failed"",errors,
562,"""Demo Version"",other,
563,"""Department"",other,
564,"""Description"",other,
565,"""Deselect"",other,
566,"""Deselect all"",other,
567,"""Deselect message"",mail,
568,"""Detail"",other,
569,"""Detected Signals"",other,
570,"""Detected filters"",other,
571,"""Deuteranopia"",other,
572,"""Device name (optional)"",other,
573,"""Device unregistered"",other,
574,"""Diagnostic tool for troubleshooting mail delivery issues. View raw email source or parsed headers."",mail,
575,"""Direct Login"",auth,
576,"""Disable Folder Export"",other,
577,"""Disable Folder Sharing"",other,
578,"""Disable Folder Sharing With Authenticated User"",auth,
579,"""Disabled"",other,
580,"""Discard draft"",other,
581,"""Discard the message"",mail,
582,"""Display Name"",other,
583,"""Display name"",other,
584,"""Display name of this user source, will be shown if the global address book list"",contacts,
585,"""Display remote inline images"",sentences,
586,"""Distribution list"",other,
587,"""Distribution lists"",other,
588,"""Distribution lists into this address book"",contacts,
589,"""Do no show inline images as attachment file in the mail viewer"",mail,
590,"""Do not send invitations for events created from CalDAV clients"",calendar,
591,"""Do you want to unsubscribe from this mailing list?"",mail,
592,"""Doc Preview"",other,
593,"""Document Hash"",other,
594,"""Document Preview"",other,
595,"""Document signed with QES"",sentences,
596,"""Does not contain"",other,
597,"""Does not exist"",other,
598,"""Does not match"",other,
599,"""Does not match regex"",sentences,
600,"""Domain"",other,
601,"""Domain is required"",other,
602,"""Domainless Login"",auth,
603,"""Domains"",other,
604,"""Don't have an account?"",sentences,
605,"""Donation recorded"",other,
606,"""Donations"",other,
607,"""Donor Communication Management"",other,
608,"""Donor Management"",other,
609,"""Donor registered"",other,
610,"""Download"",other,
611,"""Download JSON"",other,
612,"""Download all attachments"",other,
613,"""Download all users as a CSV file."",auth,
614,"""Download attachment"",other,
615,"""Download failed"",errors,
616,"""Download iOS - MacOS configuration profile"",settings,
617,"""Downloaded"",other,
618,"""Draft approved"",other,
619,"""Draft discarded"",other,
620,"""Draft rejected"",other,
621,"""Draft saved"",actions,
622,"""Draft shared"",other,
623,"""Drafts"",other,
624,"""Drag to reorder. Disabled filters are skipped."",sentences,
625,"""Drop files here"",other,
626,"""Due date"",other,
627,"""Due date must be on or after the start date."",sentences,
628,"""Duration"",other,
629,"""Duration (min)"",other,
630,"""Dyslexia"",other,
631,"""EU Regulation 910/2014 qualified electronic signatures and timestamps"",sentences,
632,"""Edit"",actions,
633,"""Edit Calendar"",calendar,
634,"""Edit External Account"",actions,
635,"""Edit Resource"",actions,
636,"""Edit Rule"",actions,
637,"""Edit User"",actions,
638,"""Edit account {email}"",mail,
639,"""Edit address book {name}"",contacts,
640,"""Edit contact"",contacts,
641,"""Edit distribution list"",actions,
642,"""Edit event"",calendar,
643,"""Edit filter: {name}"",actions,
644,"""Edit note"",actions,
645,"""Edit recurring event"",calendar,
646,"""Edit task"",tasks,
647,"""Email"",mail,
648,"""Email Address"",mail,
649,"""Email Body"",mail,
650,"""Email ID"",mail,
651,"""Email Protocol Status"",mail,
652,"""Email Signature"",mail,
653,"""Email Summarization"",mail,
654,"""Email Text"",mail,
655,"""Email address"",mail,
656,"""Email addresses"",mail,
657,"""Email addresses for forwarding"",mail,
658,"""Email addresses for notifications"",mail,
659,"""Email is required"",mail,
660,"""Email or password incorrect"",mail,
661,"""Email required"",mail,
662,"""Email snoozed"",mail,
663,"""Email to Score"",mail,
664,"""Embedded Matrix rooms, messaging, and SOGo user linking"",auth,
665,"""Empty folder"",other,
666,"""Enable Domains"",other,
667,"""Enable EAS Server"",other,
668,"""Enable End Session from OpenID server"",sentences,
669,"""Enable Identities"",other,
670,"""Enable MAPI Server"",other,
671,"""Enable MFA"",other,
672,"""Enable Notifications"",other,
673,"""Enable Password Change"",auth,
674,"""Enable Password Recovery"",auth,
675,"""Enable auto reply between these days"",sentences,
676,"""Enable auto reply between these hours"",sentences,
677,"""Enable auto reply on these days"",sentences,
678,"""Enable custom 'Name'"",other,
679,"""Enable custom 'Reply-to'"",other,
680,"""Enable custome 'From'"",other,
681,"""Enable external avatar"",other,
682,"""Enable external avatar (e.g., Gravatar)"",sentences,
683,"""Enable external mail account"",mail,
684,"""Enable logout with CAS"",sentences,
685,"""Enable mail filtering"",mail,
686,"""Enable mail notifications"",mail,
687,"""Enable multi-domain support for this instance."",sentences,
688,"""Enable purge"",other,
689,"""Enable vacation auto reply"",sentences,
690,"""Enabled"",other,
691,"""Encryption"",other,
692,"""Encryption at Rest"",other,
693,"""Encryption mechanism fo the IMAP server"",sentences,
694,"""Encryption mechanism fo the SMTP server"",sentences,
695,"""Encryption of the sieve server"",sentences,
696,"""End"",other,
697,"""End Time"",other,
698,"""End date"",other,
699,"""End date must be on or after the start date."",sentences,
700,"""End time"",other,
701,"""Ends"",other,
702,"""Ends with"",other,
703,"""Ensure your account is using a long, random password to stay secure."",auth,
704,"""Enter a filename"",other,
705,"""Enter a search query"",sentences,
706,"""Enter a search query above"",sentences,
707,"""Enter a valid email address"",mail,
708,"""Enter a valid size in KB"",sentences,
709,"""Enter at least 2 characters to search."",sentences,
710,"""Enter certificate import password"",auth,
711,"""Enter document content to sign..."",sentences,
712,"""Enter email content and click Score"",mail,
713,"""Enter email text"",mail,
714,"""Enter email text and select a tone"",mail,
715,"""Enter event title"",calendar,
716,"""Enter notification message"",mail,
717,"""Enter signature text and click Extract"",sentences,
718,"""Enter subject or body"",sentences,
719,"""Enter text"",other,
720,"""Enter text and click Classify"",sentences,
721,"""Enter text and click Summarize"",sentences,
722,"""Enter text to summarize"",sentences,
723,"""Enter the verification code generated by your authenticator app."",sentences,
724,"""Enter user email..."",mail,
725,"""Enter values and click Analyze"",sentences,
726,"""Enter your email"",mail,
727,"""Enter your password"",auth,
728,"""Equipment"",other,
729,"""Error"",errors,
730,"""Event Duration"",calendar,
731,"""Event Notifications"",calendar,
732,"""Event created"",calendar,
733,"""Event deleted"",calendar,
734,"""Event title"",calendar,
735,"""Event updated"",calendar,
736,"""Events"",calendar,
737,"""Every"",other,
738,"""Every {count}"",other,
739,"""Example: https://myopenid.net/.well-known/openid-configuration"",settings,
740,"""Exists"",other,
741,"""Expires in (days)"",other,
742,"""Export"",other,
743,"""Export CSV"",other,
744,"""Export Calendar"",calendar,
745,"""Export Users"",auth,
746,"""Export completed. Your download should start shortly."",sentences,
747,"""Export downloaded"",other,
748,"""Export failed"",errors,
749,"""Export format"",other,
750,"""Export in progress..."",other,
751,"""Export started"",other,
752,"""Export this address book to a file."",contacts,
753,"""Export {name}"",other,
754,"""Export, version, and import system configuration as JSON for GitOps workflows."",settings,
755,"""Expunge"",other,
756,"""Expunge failed"",errors,
757,"""Expunge folder"",other,
758,"""Extended address"",contacts,
759,"""External Accounts"",other,
760,"""External accounts"",other,
761,"""Extra large"",other,
762,"""Extract Info"",other,
763,"""Extract phone, title, company, location from email signatures."",mail,
764,"""Extracted Information"",other,
765,"""Extraction failed"",errors,
766,"""Failed to change password"",errors,
767,"""Failed to create"",errors,
768,"""Failed to create external account. Please try again."",errors,
769,"""Failed to create folder"",errors,
770,"""Failed to create poll"",errors,
771,"""Failed to create resource"",errors,
772,"""Failed to create rule"",errors,
773,"""Failed to create share"",errors,
774,"""Failed to create slot"",errors,
775,"""Failed to create the calendar. Please try again."",calendar,
776,"""Failed to create the event. Please try again."",calendar,
777,"""Failed to create user"",errors,
778,"""Failed to create webhook"",errors,
779,"""Failed to delete"",errors,
780,"""Failed to delete account. Please try again."",errors,
781,"""Failed to delete folder"",errors,
782,"""Failed to delete resource"",errors,
783,"""Failed to delete rule"",errors,
784,"""Failed to delete the calendar. Please try again."",calendar,
785,"""Failed to delete the event. Please try again."",calendar,
786,"""Failed to delete user"",errors,
787,"""Failed to discard draft"",errors,
788,"""Failed to export folder"",errors,
789,"""Failed to fetch debug data"",errors,
790,"""Failed to generate record"",errors,
791,"""Failed to load audit log"",errors,
792,"""Failed to load external accounts. Please try again later."",errors,
793,"""Failed to load health data"",errors,
794,"""Failed to load profile. Please try again later."",errors,
795,"""Failed to load resources"",errors,
796,"""Failed to load system settings."",errors,
797,"""Failed to load theme settings"",errors,
798,"""Failed to move folder"",errors,
799,"""Failed to read file"",errors,
800,"""Failed to remove share"",errors,
801,"""Failed to rename folder"",errors,
802,"""Failed to revoke session"",errors,
803,"""Failed to save"",errors,
804,"""Failed to save branding"",errors,
805,"""Failed to save draft"",errors,
806,"""Failed to save: {message}"",mail,
807,"""Failed to select file"",errors,
808,"""Failed to send mail"",mail,
809,"""Failed to share address book"",contacts,
810,"""Failed to share calendar"",calendar,
811,"""Failed to share draft"",errors,
812,"""Failed to snooze email"",mail,
813,"""Failed to toggle"",errors,
814,"""Failed to update"",errors,
815,"""Failed to update external account. Please try again."",errors,
816,"""Failed to update folder type"",errors,
817,"""Failed to update profile. Please try again."",errors,
818,"""Failed to update quota"",errors,
819,"""Failed to update resource"",errors,
820,"""Failed to update rule"",errors,
821,"""Failed to update the calendar. Please try again."",calendar,
822,"""Failed to update the event. Please try again."",calendar,
823,"""Failed to update user"",errors,
824,"""Failed to update your attendance"",errors,
825,"""Failed to update your attendance. Please try again."",errors,
826,"""Failed to upload attachment"",errors,
827,"""Failed to validate record"",errors,
828,"""Favicon"",other,
829,"""Fetch User Profile"",auth,
830,"""Fetch count of unseen messages for all mailboxes"",mail,
831,"""Field that start a user DN if setting Bind Field is not used.(example: if your have 'dn: uid=sogo,ou=users,dc=example,dc=org' this value should be 'uid'"",settings,
832,"""Field where to find the multibooking value of a resource"",sentences,
833,"""Field where to find the user mail. Additional fields may be set after the main mail field to tell user's aliases."",mail,
834,"""Field with the Complete Name of the user"",auth,
835,"""Field with the user's login, the login must be unique accross all User Sources and Domains"",auth,
836,"""File"",other,
837,"""File Sharing"",other,
838,"""File format"",other,
839,"""File the message in"",mail,
840,"""Filename"",other,
841,"""Filename and size are required"",sentences,
842,"""Filter domains..."",other,
843,"""Filter name"",other,
844,"""Filter name is required"",sentences,
845,"""Filter rules..."",other,
846,"""Filter..."",other,
847,"""Filters"",other,
848,"""Filters apply only to messages loaded on this page."",mail,
849,"""Filters saved"",actions,
850,"""First Name"",other,
851,"""First day of the week in calendar view"",calendar,
852,"""First name"",other,
853,"""First row must be the header. uid, cn, sn, givenName, mail are required. password is optional (random if blank)."",mail,
854,"""Flag actions are not yet available on this server"",sentences,
855,"""Flag the message with"",mail,
856,"""Flag unusual sending patterns: bulk email, odd hours, new recipients."",mail,
857,"""Folder created"",other,
858,"""Folder deleted"",actions,
859,"""Folder expunged"",other,
860,"""Folder moved"",other,
861,"""Folder name"",other,
862,"""Folder name cannot contain a dot"",sentences,
863,"""Folder name is required"",sentences,
864,"""Folder name must be at most 100 characters"",sentences,
865,"""Folder purged"",other,
866,"""Folder renamed"",other,
867,"""Folder sharing settings have been saved."",settings,
868,"""Folder type updated"",other,
869,"""Folders"",other,
870,"""For incoming messages that"",mail,
871,"""Force MFA"",other,
872,"""Force Password Recovery"",auth,
873,"""Force synchronization of events created from CalDAV clients"",calendar,
874,"""Force users to set up MFA"",auth,
875,"""Force users to set up a password recovery method."",auth,
876,"""Foreground"",other,
877,"""Forensic Reports Email"",mail,
878,"""Forgot password?"",auth,
879,"""Forward"",other,
880,"""Forward messages"",mail,
881,"""Forward the message to"",mail,
882,"""Forward to these addresses (up to {max} addresses). Add multiple addresses separated by comma, semicolon, or press Enter/Tab."",contacts,
883,"""Forwarding settings saved"",settings,
884,"""Foundation"",other,
885,"""Free"",other,
886,"""Free/Busy"",other,
887,"""Free/Busy Lookup"",other,
888,"""Fri"",other,
889,"""Friday"",other,
890,"""From"",other,
891,"""Full Name"",other,
892,"""Full view"",other,
893,"""GDPR"",other,
894,"""GID Number"",other,
895,"""GID Number (optional)"",other,
896,"""General"",other,
897,"""General Settings"",settings,
898,"""General settings saved"",settings,
899,"""Generate DKIM Record"",other,
900,"""Generate DMARC Record"",other,
901,"""Generate SPF Record"",other,
902,"""Generate and validate DNS records for email authentication (SPF, DKIM, DMARC). Add these records to your domain's DNS zone to protect against spoofing and improve deliverability."",mail,
903,"""Generated DNS Record"",other,
904,"""Get Calendar Link"",calendar,
905,"""Given Name"",other,
906,"""Global address books"",contacts,
907,"""Good luck to the person who will do this..."",sentences,
908,"""Got it"",other,
909,"""Ground floor, 20 seats, video conferencing"",sentences,
910,"""Group Name"",other,
911,"""Group created successfully"",other,
912,"""Group name required"",other,
913,"""HIPAA Compliance"",other,
914,"""HIPAA Compliance Mode"",other,
915,"""HIPAA Mode"",other,
916,"""HMAC secret (optional)"",other,
917,"""HSL values for the page background"",sentences,
918,"""HSL values for the primary color (e.g. 180 25% 40%)"",sentences,
919,"""HSL values for the sidebar background"",sentences,
920,"""HSL values for the top header bar"",sentences,
921,"""Has events"",calendar,
922,"""Hash"",other,
923,"""Hash Algorithm"",other,
924,"""Header"",other,
925,"""Header Background"",other,
926,"""Header Foreground"",other,
927,"""Header name"",other,
928,"""Header name (e.g. X-Spam-Flag)"",sentences,
929,"""Header name is required"",sentences,
930,"""Health"",other,
931,"""Healthcare-grade compliance with PHI detection, encryption, and audit trails"",sentences,
932,"""Helpdesk"",other,
933,"""Helpdesk / Ticketing"",other,
934,"""Hide password"",auth,
935,"""High"",other,
936,"""Highest"",other,
937,"""Home"",other,
938,"""Home Directory"",other,
939,"""Home Directory (optional)"",other,
940,"""Hostname of the IMAP server"",sentences,
941,"""Hostname of the SMTP server"",sentences,
942,"""Hostname of the sieve server"",sentences,
943,"""Hour (0-23)"",other,
944,"""Hours"",other,
945,"""How dates are displayed in the app."",sentences,
946,"""How the first week number is evaluated"",sentences,
947,"""How time is displayed in the app."",sentences,
948,"""I understand this will permanently delete the selected mails and they cannot be recovered"",mail,
949,"""ID"",other,
950,"""ID field"",other,
951,"""IMAP Folder"",other,
952,"""IMAP Label"",other,
953,"""IMAP account created successfully"",sentences,
954,"""IMAP account updated successfully"",sentences,
955,"""IMAP auth mech"",other,
956,"""IMAP encryption"",other,
957,"""IMAP flag (e.g. \Flagged)"",sentences,
958,"""IMAP port"",other,
959,"""IMAP server"",other,
960,"""IMAP's authentication mechanism. Do not use 'login' without precaution"",auth,
961,"""IP Address"",contacts,
962,"""IPv4 Addresses"",contacts,
963,"""IPv6 Addresses"",contacts,
964,"""Icon"",other,
965,"""Identities"",other,
966,"""If a user change its password, also updates sambaNTPassword and sambaLMPassword"",auth,
967,"""If your OpenID server manages refresh token mechanism, sogo will use it"",sentences,
968,"""Import"",other,
969,"""Import CSV"",other,
970,"""Import Configuration"",settings,
971,"""Import Jobs"",other,
972,"""Import Users"",auth,
973,"""Import and export users in bulk using CSV files."",auth,
974,"""Import completed successfully."",other,
975,"""Import completed. Created: {counts}."",sentences,
976,"""Import data from external sources — G Suite, M365, Dovecot, Cyrus, or file uploads."",sentences,
977,"""Import failed"",errors,
978,"""Import in progress..."",other,
979,"""Import into {name}"",other,
980,"""Import mailboxes from PST files or Microsoft 365 with progress tracking"",mail,
981,"""Import started"",other,
982,"""Import target"",other,
983,"""Import/Export"",other,
984,"""Imported: {created} created, {updated} updated"",sentences,
985,"""In favorites"",other,
986,"""In message content"",mail,
987,"""In progress"",other,
988,"""In {name}"",other,
989,"""Inactive"",other,
990,"""Inactive sessions revoked successfully"",sentences,
991,"""Inbox"",other,
992,"""Include Domains"",other,
993,"""Incoming Mail (IMAP)"",mail,
994,"""Incoming mail is forwarded before applying your filters."",mail,
995,"""Indicate that your LDAP server has Password Policy with notion of expiration and grace period"",auth,
996,"""Indicates the set of entries at or below the BaseDN that may be considered potential matches for a search request "",sentences,
997,"""Individual"",other,
998,"""Industry"",other,
999,"""Info"",other,
1000,"""Inherit from domain policy"",sentences,
1001,"""Initial sieve script"",other,
1002,"""Input Email"",mail,
1003,"""Insert Jitsi meeting link"",calendar,
1004,"""Insert attachment"",other,
1005,"""Insert signature on forward message"",mail,
1006,"""Insert signature on new message"",mail,
1007,"""Insert signature on reply message"",mail,
1008,"""Inspect"",other,
1009,"""Instant messaging"",other,
1010,"""Intelligent Spam Filter"",other,
1011,"""Intercom Settings"",settings,
1012,"""Invalid"",other,
1013,"""Invalid JSON — please check syntax"",sentences,
1014,"""Invalid email address"",mail,
1015,"""Invitation accepted"",other,
1016,"""Invitation declined"",other,
1017,"""Invitation whitelist"",other,
1018,"""Is"",other,
1019,"""Is not"",other,
1020,"""Is over"",other,
1021,"""Is over (KB)"",other,
1022,"""Is under (KB)"",other,
1023,"""JMAP / ActiveSync"",other,
1024,"""JMAP and ActiveSync protocol server status and capabilities"",sentences,
1025,"""JSON"",other,
1026,"""Job title"",other,
1027,"""Join Meeting"",calendar,
1028,"""Junk"",other,
1029,"""Keep a copy in this inbox"",sentences,
1030,"""Keep a copy of forwarded messages in your inbox. Useful if you want to maintain a local archive."",mail,
1031,"""Keep the message"",mail,
1032,"""Key Type"",other,
1033,"""Key where to find the user's mail in user profile."",mail,
1034,"""Kind of mail filtering protocol"",mail,
1035,"""LDAP Filter"",other,
1036,"""LDAP Group Classs"",other,
1037,"""LDAP Password Policy"",auth,
1038,"""LDAP Update Samba Passwords"",auth,
1039,"""LDAP authentication"",other,
1040,"""LDAP server hostname"",other,
1041,"""LDIF"",other,
1042,"""Label"",other,
1043,"""Label applied"",other,
1044,"""Label failed"",errors,
1045,"""Label removed"",other,
1046,"""Labels coming soon"",other,
1047,"""Language"",other,
1048,"""Large"",other,
1049,"""Largest first"",other,
1050,"""Last Activity"",other,
1051,"""Last Name"",other,
1052,"""Last displayed module"",other,
1053,"""Last name"",other,
1054,"""Later today"",other,
1055,"""Launch"",other,
1056,"""Ldape Search Scope"",other,
1057,"""Leave blank to use default subject. You can write {subject} to insert the original subject."",sentences,
1058,"""Leave empty for default behavior"",sentences,
1059,"""Leave empty for no password"",auth,
1060,"""Leave empty for placeholder with generation instructions"",sentences,
1061,"""Light"",other,
1062,"""Limit the maxinum number of user returned after a search query. 0 means no limit"",auth,
1063,"""Links"",other,
1064,"""List name"",other,
1065,"""List of user uid to never return to others for search and autocompletion"",auth,
1066,"""List the sepcial characters allowed in passwords"",auth,
1067,"""Loading"",other,
1068,"""Loading sessions..."",other,
1069,"""Loading tasks…"",tasks,
1070,"""Loading users..."",auth,
1071,"""Loading..."",other,
1072,"""Location"",other,
1073,"""Log Access"",other,
1074,"""Log Retention"",other,
1075,"""Log in"",other,
1076,"""Logging in..."",other,
1077,"""Login Failed Attempt Time Span"",errors,
1078,"""Login Failed Attempt blocked Time"",errors,
1079,"""Login Footer Text"",auth,
1080,"""Login Header Text"",auth,
1081,"""Login Max Failed Attempt"",errors,
1082,"""Login Page"",auth,
1083,"""Login route not found. Please contact your administrator."",contacts,
1084,"""Login successful!"",auth,
1085,"""Logo"",other,
1086,"""Logo URL"",other,
1087,"""Logout"",other,
1088,"""Long Date Style"",other,
1089,"""Look Up"",other,
1090,"""Lookup failed"",errors,
1091,"""Low"",other,
1092,"""Low-code automation: If email from X and subject Y → forward, create event, notify."",mail,
1093,"""Lowest"",other,
1094,"""MFA Methods Available"",other,
1095,"""MX Servers"",other,
1096,"""Mail"",mail,
1097,"""Mail Filters"",mail,
1098,"""Mail Forward"",mail,
1099,"""Mail General Settings"",mail,
1100,"""Mail Labels"",mail,
1101,"""Mail Notifications"",mail,
1102,"""Mail UID"",mail,
1103,"""Mail filtering has been disabled by your administrator."",mail,
1104,"""Mail filtering type"",mail,
1105,"""Mail for spam"",mail,
1106,"""Mail forwarding has been disabled by your administrator."",mail,
1107,"""Mail notifications have been disabled by your administrator."",mail,
1108,"""Mail sent"",mail,
1109,"""Mail server is temporarily unavailable."",mail,
1110,"""Mail server type"",mail,
1111,"""Mail settings"",mail,
1112,"""Mailbox"",mail,
1113,"""Mailbox Debug"",mail,
1114,"""Mailbox Size Limit"",mail,
1115,"""Mailstore"",mail,
1116,"""Manage OAuth2 client applications. SOGo acts as an OAuth2 authorization server and OpenID Connect provider."",sentences,
1117,"""Manage bookable resources such as meeting rooms, equipment, and vehicles. Resources can be invited as attendees to calendar events with automatic conflict detection."",calendar,
1118,"""Manage configuration rules for domains"",settings,
1119,"""Manage database and mailstore backups with retention policies and optional S3 upload."",mail,
1120,"""Manage registered devices, push notifications, and app configuration"",settings,
1121,"""Manage student groups, course mailing lists, and enrollment"",mail,
1122,"""Manage volunteers, assign shifts, track hours, and generate certificates"",sentences,
1123,"""Manage who has access to ""{folder}"" and their permissions."",sentences,
1124,"""Map your User Source field to contact attribute"",contacts,
1125,"""Mark as Read"",other,
1126,"""Mark as read"",other,
1127,"""Mark as spam"",other,
1128,"""Mark as unread"",other,
1129,"""Mark messages as read after (defined) seconds"",mail,
1130,"""Marked as maybe"",other,
1131,"""Marked as spam"",other,
1132,"""Mas mail sent block time"",mail,
1133,"""Master account from"",other,
1134,"""Master account login"",auth,
1135,"""Master account password"",auth,
1136,"""Match"",other,
1137,"""Match all messages"",mail,
1138,"""Match all the following rules"",sentences,
1139,"""Match any of the following rules"",sentences,
1140,"""Match regex"",other,
1141,"""Match the following conditions"",sentences,
1142,"""Matrix Chat"",other,
1143,"""Matrix Chat Integration"",other,
1144,"""Max Calendars"",calendar,
1145,"""Max Contacts"",contacts,
1146,"""Max Sentences"",other,
1147,"""Max mail sent"",mail,
1148,"""Max mail sent time"",mail,
1149,"""Max recipients in mail"",mail,
1150,"""Maximize"",other,
1151,"""Maximum API request"",other,
1152,"""Maximum length of a user password, inclusive. 0 means no limit"",auth,
1153,"""Maximum mail a user can send during a time"",mail,
1154,"""Maximum {max} addresses allowed"",contacts,
1155,"""Maximum {max} compose windows allowed."",sentences,
1156,"""Maximum {max} participants reached"",sentences,
1157,"""Maximum {max} recipients reached"",sentences,
1158,"""Maximun API request time"",sentences,
1159,"""Maybe"",other,
1160,"""Medium"",other,
1161,"""Meeting Setup"",calendar,
1162,"""Meeting Title"",calendar,
1163,"""Meeting Transcripts"",calendar,
1164,"""Members"",other,
1165,"""Message moved"",mail,
1166,"""Message to Reviewers"",mail,
1167,"""Message..."",mail,
1168,"""Middle name"",other,
1169,"""Migration"",other,
1170,"""Migration History"",other,
1171,"""Migration Tools"",other,
1172,"""Migration applied"",other,
1173,"""Migration failed"",errors,
1174,"""Migration started"",other,
1175,"""Minimize"",other,
1176,"""Minimum character for autocompletion"",sentences,
1177,"""Minimum days between auto replies"",sentences,
1178,"""Minimum length of a user password, inclusive. Minimumn of 4."",auth,
1179,"""Minimum occurence of digits. 0 means no limit"",sentences,
1180,"""Minimum occurence of lowercase letter. 0 means no limit"",sentences,
1181,"""Minimum occurence of special characters. 0 means no limit"",sentences,
1182,"""Minimum occurence of uppercase letter. 0 means no limit"",sentences,
1183,"""Mobile"",other,
1184,"""Mobile App"",other,
1185,"""Mobile App Management"",other,
1186,"""Moderated — requires approval"",sentences,
1187,"""Modify global system settings below."",settings,
1188,"""Module Access"",other,
1189,"""Mon"",other,
1190,"""Monday"",other,
1191,"""Month"",other,
1192,"""Month(s)"",other,
1193,"""Monthly"",other,
1194,"""More Options"",other,
1195,"""More actions"",other,
1196,"""Most settings are read-only."",settings,
1197,"""Move"",other,
1198,"""Move failed"",errors,
1199,"""Move folder"",other,
1200,"""Move to"",other,
1201,"""Move to Inbox"",other,
1202,"""Move to Junk"",other,
1203,"""Move to folder"",other,
1204,"""Move to trash"",other,
1205,"""Moved to Inbox"",other,
1206,"""Multi-Tenant Branding"",other,
1207,"""My Calendar"",calendar,
1208,"""My S/MIME Certificate"",other,
1209,"""Name"",other,
1210,"""Name (optional)"",other,
1211,"""Name and at least one step are required"",sentences,
1212,"""Name and email are required"",mail,
1213,"""Name and redirect URI are required"",sentences,
1214,"""Name of the certificate"",sentences,
1215,"""Name of your OpenID client"",sentences,
1216,"""Name required"",other,
1217,"""Name, conditions, and actions are required"",sentences,
1218,"""Natural Language Search"",other,
1219,"""Never"",other,
1220,"""Never send read receipts"",sentences,
1221,"""New Account"",other,
1222,"""New Action"",other,
1223,"""New Appointment Slot"",other,
1224,"""New Approval"",other,
1225,"""New Event"",calendar,
1226,"""New External Account"",other,
1227,"""New Password"",auth,
1228,"""New Recipient Ratio"",other,
1229,"""New Rule"",other,
1230,"""New Scheduling Poll"",other,
1231,"""New Subfolder"",other,
1232,"""New Ticket"",other,
1233,"""New Transcript"",other,
1234,"""New Webhook"",other,
1235,"""New Workflow"",other,
1236,"""New contact"",contacts,
1237,"""New distribution list"",other,
1238,"""New folder"",other,
1239,"""New message"",mail,
1240,"""New subfolder"",other,
1241,"""New task"",tasks,
1242,"""Newest first"",other,
1243,"""Next"",other,
1244,"""Next mail"",mail,
1245,"""Next page"",other,
1246,"""Next week"",other,
1247,"""Nickname"",other,
1248,"""No CRM accounts yet."",sentences,
1249,"""No IMAP accounts configured yet. Add your first account to get started."",settings,
1250,"""No OAuth2 clients registered yet."",sentences,
1251,"""No SCIM users provisioned yet"",auth,
1252,"""No active sessions found"",sentences,
1253,"""No appointment slots. Create one to share your availability."",sentences,
1254,"""No approval workflows yet."",sentences,
1255,"""No audit log entries found."",sentences,
1256,"""No availability data"",other,
1257,"""No backups yet."",other,
1258,"""No bookings yet."",other,
1259,"""No configuration snapshots yet."",settings,
1260,"""No contact found."",contacts,
1261,"""No contacts yet"",contacts,
1262,"""No content"",other,
1263,"""No devices registered yet"",sentences,
1264,"""No donors registered yet"",sentences,
1265,"""No events"",calendar,
1266,"""No events found"",calendar,
1267,"""No file was provided for import."",sentences,
1268,"""No files found"",other,
1269,"""No folders found"",other,
1270,"""No import jobs yet"",sentences,
1271,"""No linked users"",auth,
1272,"""No mail filters yet"",mail,
1273,"""No members in this list"",sentences,
1274,"""No message found."",mail,
1275,"""No migrations recorded."",other,
1276,"""No migrations yet."",other,
1277,"""No notes"",other,
1278,"""No passkeys registered yet."",sentences,
1279,"""No pending tasks"",tasks,
1280,"""No priority"",other,
1281,"""No quick actions yet. Create one to speed up your workflow."",sentences,
1282,"""No recipient"",other,
1283,"""No resources configured yet. Create one to get started."",settings,
1284,"""No results"",other,
1285,"""No results."",other,
1286,"""No rules configured yet"",settings,
1287,"""No rules match your search"",sentences,
1288,"""No scheduling polls yet. Create one to find the best meeting time."",calendar,
1289,"""No shared drafts. Create one to collaborate on an email."",mail,
1290,"""No shared files. Create a share link to securely distribute files."",sentences,
1291,"""No signature"",other,
1292,"""No subject"",other,
1293,"""No subject and no content"",sentences,
1294,"""No tasks yet"",tasks,
1295,"""No tickets yet."",other,
1296,"""No transcripts yet."",other,
1297,"""No upcoming events for this period"",calendar,
1298,"""No users found"",auth,
1299,"""No users have access yet."",auth,
1300,"""No volunteers registered yet"",sentences,
1301,"""No webhooks configured. Click Add Webhook to get started."",settings,
1302,"""No workflows defined. Create one to automate actions."",sentences,
1303,"""No-shows"",other,
1304,"""Non-working hours"",other,
1305,"""None"",other,
1306,"""Normal"",other,
1307,"""Notes"",other,
1308,"""Notification blacklisted domains"",other,
1309,"""Notification message"",mail,
1310,"""Notification settings not applied"",settings,
1311,"""Notification settings saved"",settings,
1312,"""Notification title"",other,
1313,"""Notification whitelisted domains"",other,
1314,"""Notifications"",other,
1315,"""Notify external addresses when a filter rule matches incoming mail."",mail,
1316,"""OAuth Clients"",other,
1317,"""OAuth2 / OIDC Clients"",sentences,
1318,"""OK"",other,
1319,"""Older first"",other,
1320,"""On"",other,
1321,"""On day"",other,
1322,"""One or more selected members are not contacts in this address book."",contacts,
1323,"""Only precise the host and port, don't add any other info"",sentences,
1324,"""Only set if the user login to your mail filter server (sieve) is different than its main mail. Set here the field where to find their login"",mail,
1325,"""Only set if the user login to your mail outgoing server (smtp) is different than its main mail. Set here the field where to find their login"",mail,
1326,"""Only set if the user login to your mail server (imap) is different than its main mail. Set here the field where to find their login"",mail,
1327,"""Open Inbox"",other,
1328,"""Open compose in new window"",sentences,
1329,"""Open compose inside webmail"",mail,
1330,"""Open in new page"",sentences,
1331,"""Open menu"",other,
1332,"""Open — anyone can book"",sentences,
1333,"""OpenID client name"",other,
1334,"""OpenID client scope"",other,
1335,"""OpenID client secret"",other,
1336,"""Operation completed successfully."",other,
1337,"""Operation failed"",errors,
1338,"""Optional description of this rule"",sentences,
1339,"""Optional reject message"",mail,
1340,"""Optional. If empty, the record will include a placeholder with the openssl command to generate the key pair."",sentences,
1341,"""Organization"",other,
1342,"""Organization name"",other,
1343,"""Organizer"",other,
1344,"""Original Email"",mail,
1345,"""Other"",other,
1346,"""Others"",other,
1347,"""Out of office"",other,
1348,"""Outbound webhooks for n8n, Make, and other automation platforms. Events trigger HTTP POST with HMAC-signed payloads."",calendar,
1349,"""Outgoing Mail (SMTP)"",mail,
1350,"""Outgoing Mail server type"",mail,
1351,"""Overdue"",other,
1352,"""PHI Detection"",other,
1353,"""PHI Scanner"",other,
1354,"""PO box"",other,
1355,"""PST / M365 Import & Export"",sentences,
1356,"""PST analyzed"",other,
1357,"""Page {page} of {total}"",sentences,
1358,"""Pagination applies to contacts; all lists are shown."",contacts,
1359,"""Parsed Headers"",other,
1360,"""Parsed Query"",other,
1361,"""Part of the suggested {duration}-min window · {time}"",sentences,
1362,"""Participants"",other,
1363,"""Passkey authentication failed. Please try again."",errors,
1364,"""Passkey registered successfully!"",other,
1365,"""Passkeys (WebAuthn)"",other,
1366,"""Passkeys are not supported on this device or browser."",sentences,
1367,"""Passkeys let you sign in without a password using your device's biometric sensor (fingerprint, Face ID) or a hardware security key. Your passkey is stored securely on this device."",auth,
1368,"""Password"",auth,
1369,"""Password Algorithm Symmetric Key Type"",auth,
1370,"""Password Algorithm Symmetric Key Value"",auth,
1371,"""Password Recovery Methods Available"",auth,
1372,"""Password algorithm used by this user source. Mandatory for a SQL user source. Optionnal for ldap: only needed if you allow user to change their password"",auth,
1373,"""Password changed successfully"",auth,
1374,"""Password must be at least 8 characters"",auth,
1375,"""Password must not exceed 128 characters"",auth,
1376,"""Password required to import the certificate file"",auth,
1377,"""Passwords do not match"",auth,
1378,"""Paste JSON configuration here..."",settings,
1379,"""Paste an email signature here..."",mail,
1380,"""Paste an existing SPF or DMARC record value to check for syntax errors and best-practice warnings."",errors,
1381,"""Paste email content..."",mail,
1382,"""Paste email or document text to scan for PHI..."",mail,
1383,"""Paste meeting notes or transcript..."",calendar,
1384,"""Paste the email body here..."",mail,
1385,"""Paste the email body..."",mail,
1386,"""Paste the email you want to reply to..."",mail,
1387,"""Pattern Normal"",other,
1388,"""Pending"",other,
1389,"""Per page"",other,
1390,"""Perform the following actions"",sentences,
1391,"""Permanently delete (cannot be undone)"",actions,
1392,"""Permanently delete all messages in ""{folder}""? This action cannot be undone."",mail,
1393,"""Permission Level"",other,
1394,"""Person"",other,
1395,"""Personal Calendars"",calendar,
1396,"""Phone"",other,
1397,"""Phone numbers"",other,
1398,"""Photo"",other,
1399,"""Pick a date"",other,
1400,"""Pick a date & time"",sentences,
1401,"""Place the attachment"",other,
1402,"""Please add at least one recipient before sending."",sentences,
1403,"""Please check the details and proceed with caution."",sentences,
1404,"""Please enter a valid URL"",sentences,
1405,"""Please enter a valid email address"",mail,
1406,"""Please enter a valid email address."",mail,
1407,"""Please enter a valid time in HH:MM format."",sentences,
1408,"""Please review this draft before I send it"",sentences,
1409,"""Please try again later."",sentences,
1410,"""Policy"",other,
1411,"""Policy Percentage"",other,
1412,"""Poll Title"",other,
1413,"""Poll created"",other,
1414,"""Popup"",other,
1415,"""Port"",other,
1416,"""Port of the imap server"",sentences,
1417,"""Port of the sieve server"",sentences,
1418,"""Port of the smtp server"",sentences,
1419,"""Postal code"",other,
1420,"""Preferences"",other,
1421,"""Preferred"",other,
1422,"""Prefix"",other,
1423,"""Press Enter to add this address"",contacts,
1424,"""Prevent to be add as attendee by others users"",calendar,
1425,"""Prevent user from exporting their folder among mail, calendar and contact"",mail,
1426,"""Prevent user from sharing their folder among mail, calendar and contact"",mail,
1427,"""Prevent user from sharing their folder with all authenticated user among mail, calendar and contact"",mail,
1428,"""Prevents sending duplicate vacation replies within this period (RFC 5230 :days)."",calendar,
1429,"""Preview PDF and Office documents in-browser. PDFs render natively; Office docs use Collabora/OnlyOffice."",sentences,
1430,"""Preview Settings"",settings,
1431,"""Previous"",other,
1432,"""Previous mail"",mail,
1433,"""Previous page"",other,
1434,"""Primary Color"",other,
1435,"""Primary Foreground"",other,
1436,"""Primary accent color in the sidebar"",sentences,
1437,"""Print"",other,
1438,"""Print blocked"",other,
1439,"""Priority"",other,
1440,"""Private"",other,
1441,"""Profile"",other,
1442,"""Progress"",other,
1443,"""Proposed Time Slots"",other,
1444,"""Protanopia"",other,
1445,"""Provision User"",auth,
1446,"""Provisioned Users"",auth,
1447,"""Public"",other,
1448,"""Public Key (Base64)"",other,
1449,"""Publish bookable time slots (Calendly-style). Generate booking links for external participants."",sentences,
1450,"""Purge"",other,
1451,"""Purge allow user to delete all their mail older than a date in a folder or fot their whole account."",mail,
1452,"""Purge failed"",errors,
1453,"""Purge folder"",other,
1454,"""Purge minimun days"",other,
1455,"""Push Notifications"",other,
1456,"""Push notification sent"",other,
1457,"""Put the full url of your CAS server"",sentences,
1458,"""Quick Actions"",other,
1459,"""Quota updated"",other,
1460,"""Quotas"",other,
1461,"""Raw Email Source"",mail,
1462,"""Read"",other,
1463,"""Read Receipts"",other,
1464,"""Read-only"",other,
1465,"""Read-only calendar"",calendar,
1466,"""Real-time spam scoring with pattern analysis, sender reputation, and content heuristics."",sentences,
1467,"""Real-time status of all services in the SOGo stack."",sentences,
1468,"""Reason (required)"",other,
1469,"""Receipts"",other,
1470,"""Receive notifications for new emails, calendar events, and more."",mail,
1471,"""Recent Bookings"",other,
1472,"""Recipient Count"",other,
1473,"""Record Donation"",other,
1474,"""Record meeting transcripts, auto-generate summaries and action items."",calendar,
1475,"""Record value is required"",sentences,
1476,"""Recurring event"",calendar,
1477,"""Redirect URIs"",other,
1478,"""Refresh"",other,
1479,"""Refresh Frequency"",other,
1480,"""Region / State"",other,
1481,"""Register"",other,
1482,"""Register Client"",other,
1483,"""Register Donor"",other,
1484,"""Register OAuth2 Client"",other,
1485,"""Register Volunteer"",other,
1486,"""Register a New Passkey"",sentences,
1487,"""Register a new passkey"",sentences,
1488,"""Registered"",other,
1489,"""Registered Devices"",other,
1490,"""Registered passkeys"",other,
1491,"""Registration failed"",errors,
1492,"""Reject Unknown Domains"",other,
1493,"""Reject actions are not yet available on this server"",sentences,
1494,"""Reject login attempts from domains not configured in SOGo."",settings,
1495,"""Rejected"",other,
1496,"""Remember me"",other,
1497,"""Reminders"",other,
1498,"""Remove"",other,
1499,"""Remove email"",mail,
1500,"""Remove field"",other,
1501,"""Remove file"",other,
1502,"""Remove header"",other,
1503,"""Remove photo"",other,
1504,"""Remove reminder"",other,
1505,"""Remove {category}"",other,
1506,"""Remove {email}"",mail,
1507,"""Rename"",other,
1508,"""Rename folder"",other,
1509,"""Reopen"",other,
1510,"""Reorder filter"",other,
1511,"""Repeat"",other,
1512,"""Repeats"",other,
1513,"""Reply"",other,
1514,"""Reply all"",other,
1515,"""Reply suggestions with tone adjustment. Generates contextual draft replies."",sentences,
1516,"""Requester Email"",mail,
1517,"""Require Access Reason"",other,
1518,"""Required"",other,
1519,"""Required fields missing"",other,
1520,"""Reset"",other,
1521,"""Resource Booking"",other,
1522,"""Resource created successfully"",other,
1523,"""Resource deleted"",actions,
1524,"""Resource updated successfully"",other,
1525,"""Resources"",other,
1526,"""Response interval must be zero or a positive number."",sentences,
1527,"""Restore"",other,
1528,"""Restricted — specific groups only"",sentences,
1529,"""Retention"",other,
1530,"""Retry"",other,
1531,"""Return receipt"",other,
1532,"""Return to search results"",sentences,
1533,"""Review failed"",errors,
1534,"""Reviewers"",other,
1535,"""Revoke"",other,
1536,"""Revoke Inactive"",other,
1537,"""Revoke Selected"",other,
1538,"""Revoke Selected ({count})"",other,
1539,"""Risk Level"",other,
1540,"""Risk Score"",other,
1541,"""Role"",other,
1542,"""Room"",other,
1543,"""Room created"",other,
1544,"""Room name..."",other,
1545,"""Root level"",other,
1546,"""Rule Name"",other,
1547,"""Rule created successfully"",other,
1548,"""Rule deleted successfully"",actions,
1549,"""Rule name is required"",sentences,
1550,"""Rule updated successfully"",other,
1551,"""Rules"",other,
1552,"""Run Migration"",other,
1553,"""Running..."",other,
1554,"""S/MIME Certificate"",other,
1555,"""S/MIME Certificate File"",other,
1556,"""S3 Upload"",other,
1557,"""SAML2 IS NOT DONE YET!!!!"",sentences,
1558,"""SCIM 2.0 identity lifecycle management for Azure AD, Okta, and other IdPs"",sentences,
1559,"""SCIM Provisioning"",other,
1560,"""SLA (hours)"",other,
1561,"""SMTP Authentication"",other,
1562,"""SMTP Encryption"",other,
1563,"""SMTP Server"",other,
1564,"""SMTP auth mech"",other,
1565,"""SMTP encryption"",other,
1566,"""SMTP master account"",other,
1567,"""SMTP master account from"",sentences,
1568,"""SMTP master account mail"",mail,
1569,"""SMTP master account password"",auth,
1570,"""SMTP port"",other,
1571,"""SMTP server"",other,
1572,"""SMTP's authentication mechanism. Do not use 'None' without precaution"",sentences,
1573,"""SOGo 6 integrated with the Univention Nubus Portal. Manage connected apps, configure nubusintercom, and launch integrations."",settings,
1574,"""SPF"",other,
1575,"""SPF (Sender Policy Framework) specifies which mail servers are allowed to send email from your domain. Add this TXT record to your DNS zone."",mail,
1576,"""SPF Alignment"",other,
1577,"""SQL User Filter"",auth,
1578,"""SQL User Password Scheme"",auth,
1579,"""SQL User Url"",auth,
1580,"""SQL User domain"",auth,
1581,"""SSL"",other,
1582,"""Sat"",other,
1583,"""Saturday"",other,
1584,"""Save"",actions,
1585,"""Save & Summarize"",actions,
1586,"""Save Branding"",actions,
1587,"""Save Changes"",actions,
1588,"""Save Quota"",actions,
1589,"""Save draft"",actions,
1590,"""Save unknown mail addresses into an addressbook"",mail,
1591,"""Saving…"",other,
1592,"""Scan for PHI"",other,
1593,"""Schedule"",other,
1594,"""Schedule sending"",other,
1595,"""Scheduling Polls"",other,
1596,"""Scope of your OpenID client. Default to 'openid profile email'."",mail,
1597,"""Scopes"",other,
1598,"""Score Email"",mail,
1599,"""Scoring failed"",errors,
1600,"""Scroll horizontally"",other,
1601,"""Search"",other,
1602,"""Search by name or email..."",mail,
1603,"""Search by name, email, or UID..."",mail,
1604,"""Search contacts…"",contacts,
1605,"""Search emails"",mail,
1606,"""Search emails with plain English. Converts to structured queries automatically."",mail,
1607,"""Search events..."",calendar,
1608,"""Search failed"",errors,
1609,"""Search files..."",other,
1610,"""Search folders..."",other,
1611,"""Search rules..."",other,
1612,"""Search tasks…"",tasks,
1613,"""Searching recipients…"",other,
1614,"""Searching..."",other,
1615,"""Secret of your OpenID client"",sentences,
1616,"""Security"",other,
1617,"""Select"",other,
1618,"""Select User"",auth,
1619,"""Select a calendar"",calendar,
1620,"""Select a contact"",contacts,
1621,"""Select a date range..."",sentences,
1622,"""Select a date..."",other,
1623,"""Select a domain above to view and edit its branding."",actions,
1624,"""Select a folder"",other,
1625,"""Select a message to read"",mail,
1626,"""Select all"",other,
1627,"""Select all tasks"",tasks,
1628,"""Select at least one member or add an email address"",mail,
1629,"""Select at least one weekday when weekday constraints are enabled."",sentences,
1630,"""Select availability"",other,
1631,"""Select calendar"",calendar,
1632,"""Select date..."",other,
1633,"""Select destination"",other,
1634,"""Select destination folder"",other,
1635,"""Select donor..."",other,
1636,"""Select message"",mail,
1637,"""Select row"",other,
1638,"""Select status"",other,
1639,"""Select tasks"",tasks,
1640,"""Select the authentication method for users. 'Plain' means the classic username/password"",auth,
1641,"""Select user..."",auth,
1642,"""Select view"",other,
1643,"""Select visibility"",other,
1644,"""Select volunteer..."",other,
1645,"""Selected file"",other,
1646,"""Selector"",other,
1647,"""Send"",other,
1648,"""Send a reject message"",mail,
1649,"""Send anyway"",other,
1650,"""Send email notification when an address book is created"",mail,
1651,"""Send email notifications when your mail filters are triggered."",mail,
1652,"""Send notification when a calendar is created"",calendar,
1653,"""Sender"",other,
1654,"""Sending Pattern"",other,
1655,"""Sending..."",other,
1656,"""Sendmail Path"",mail,
1657,"""Sent"",other,
1658,"""Separate multiple URIs with commas"",sentences,
1659,"""Server"",other,
1660,"""Server Config"",settings,
1661,"""Service unavailable"",other,
1662,"""Services Healthy"",other,
1663,"""Session revoked successfully"",other,
1664,"""Sessions"",other,
1665,"""Set Quota"",other,
1666,"""Set a mechanism when users are flagging mail as spam/ham"",mail,
1667,"""Set a sieve script that will be at the bottom of all user's sieve script"",auth,
1668,"""Set a sieve script that will be at the start of all user's sieve script"",auth,
1669,"""Set allowed auto-refresh interval for mail"",mail,
1670,"""Set as"",other,
1671,"""Set folder type"",other,
1672,"""Set how long in seconds the user is blocked after too many failed attempt."",errors,
1673,"""Set how many times a user can fail its login before being blocked. 0 means no limit"",errors,
1674,"""Set kind of trigger for ham/spam"",sentences,
1675,"""Set mail address where spam will be forwarded"",mail,
1676,"""Set priority"",other,
1677,"""Set specific domains where user are forbid to forward"",auth,
1678,"""Set specific domains where user are forbid to notify"",auth,
1679,"""Set specific domains where user can forward"",auth,
1680,"""Set specific domains where user can notify"",auth,
1681,"""Set the LDAP class that will indicates to SOGO thas this is a group and not a singular user"",auth,
1682,"""Set the column nane where the user's domain is. If ste, each SQL query will add '<domain_column> = <user domain>' to its WHERE condition."",auth,
1683,"""Set the encoding used by the sieve server."",sentences,
1684,"""Set the field if the users of this User SOurce can be found via autocompletion or Globaal Address Book"",contacts,
1685,"""Set the field where the kind of user is found ('user', 'resource' or 'group')"",auth,
1686,"""Set the initial sieve script for all new users. They will be able to modify it after"",auth,
1687,"""Set the kind of mail server"",mail,
1688,"""Set the kind of outgoing mail server"",mail,
1689,"""Set the maximun request a authenticated user can make during a time"",auth,
1690,"""Set the minimun days a user can use the purge. 0 means a user can delete all their mail. 30 means a user can only delete mail older than 30 days"",mail,
1691,"""Set the minimun number of character to trigger a autocompletion search (3 means a search will be made at the third char)"",sentences,
1692,"""Set the percentage of the soft quota."",sentences,
1693,"""Set the time span in seconds to count the failed attempt. Example: 60 means the user can only failed up to 'Login Max Failed ATtempt' 60 seconds after the first fail, before being blocked"",errors,
1694,"""Set the time where a using is blocked of doing request if 'Maximun API request' has been reached"",sentences,
1695,"""Set the timespan where 'Maximum API request' is limiting"",sentences,
1696,"""Set values the users can choose for the 'auto-refresh mail' value"",mail,
1697,"""Set your User Source type"",auth,
1698,"""Settings"",settings,
1699,"""Share"",other,
1700,"""Share Draft"",other,
1701,"""Share File"",other,
1702,"""Share a Draft"",other,
1703,"""Share a File"",other,
1704,"""Share draft emails with colleagues for review and approval before sending."",mail,
1705,"""Share folder"",other,
1706,"""Share link created"",other,
1707,"""Share removed successfully"",other,
1708,"""Share this address book with other users. Shared users can view or modify contacts based on the permission level you grant."",contacts,
1709,"""Share this calendar with other users. Shared users can see events based on the permission level you grant."",calendar,
1710,"""Shared Calendars"",calendar,
1711,"""Shared Drafts"",other,
1712,"""Shared with"",other,
1713,"""Sharing"",other,
1714,"""Sharing Settings"",settings,
1715,"""Sharing failed"",errors,
1716,"""Sharing updated"",other,
1717,"""Shift assigned"",other,
1718,"""Short Date Style"",other,
1719,"""Show as"",other,
1720,"""Show as busy during off hours"",sentences,
1721,"""Show completed"",other,
1722,"""Show invoices from March over $500..."",sentences,
1723,"""Show others when I'm busy"",sentences,
1724,"""Show password"",auth,
1725,"""Show recipients or sender full email in mailboxes"",mail,
1726,"""Show subscribed mailboxes only"",mail,
1727,"""Sidebar Accent"",other,
1728,"""Sidebar Background"",other,
1729,"""Sidebar Foreground"",other,
1730,"""Sidebar Primary"",other,
1731,"""Sieve auth mech"",other,
1732,"""Sieve encoding"",other,
1733,"""Sieve encryption"",other,
1734,"""Sieve footer"",other,
1735,"""Sieve header"",other,
1736,"""Sieve port"",other,
1737,"""Sieve server"",other,
1738,"""Sign Document"",other,
1739,"""Sign in with Passkey"",sentences,
1740,"""Sign up"",other,
1741,"""Sign with QES"",other,
1742,"""Signature"",other,
1743,"""Signature Text"",other,
1744,"""Signer Email"",mail,
1745,"""Signing Secret"",other,
1746,"""Size"",other,
1747,"""Size (Kb)"",other,
1748,"""Size (bytes)"",other,
1749,"""Size (e.g. 1024, 5M, 10K)"",sentences,
1750,"""Size rules must use over or under"",sentences,
1751,"""Slot Title"",other,
1752,"""Slot created"",other,
1753,"""Small"",other,
1754,"""Smallest first"",other,
1755,"""Smart Attachment Actions"",other,
1756,"""Smart Calendar Scheduling"",calendar,
1757,"""Smart Email Classification"",mail,
1758,"""Smart views"",other,
1759,"""Snooze"",other,
1760,"""Soft Quota"",other,
1761,"""Sort ascending"",other,
1762,"""Sort by"",other,
1763,"""Sort descending"",other,
1764,"""Sort messages by threads"",mail,
1765,"""Source"",other,
1766,"""Source and user are required"",auth,
1767,"""Spam Score"",other,
1768,"""Split view"",other,
1769,"""Starred"",other,
1770,"""Start"",other,
1771,"""Start Migration"",other,
1772,"""Start Time"",other,
1773,"""Start and end dates are required when date constraints are enabled."",sentences,
1774,"""Start date"",other,
1775,"""Start export"",other,
1776,"""Start import"",other,
1777,"""Start my reply above the quote"",sentences,
1778,"""Start my reply below the quote"",sentences,
1779,"""Start time"",other,
1780,"""Starting..."",other,
1781,"""Starts with"",other,
1782,"""Statistics"",other,
1783,"""Status"",other,
1784,"""Step approved"",sentences,
1785,"""Steps"",sentences,
1786,"""Stop processing filter rules"",sentences,
1787,"""Street"",other,
1788,"""Student Group Management"",other,
1789,"""Student Groups"",other,
1790,"""Subdomain Policy"",other,
1791,"""Subject"",other,
1792,"""Subject and description are required"",sentences,
1793,"""Subject, body, and at least one reviewer are required"",sentences,
1794,"""Subscribe"",other,
1795,"""Subscribe to calendar"",calendar,
1796,"""Subscription failed"",errors,
1797,"""Subscription removed"",other,
1798,"""Subscriptions"",other,
1799,"""Success"",other,
1800,"""Suffix"",other,
1801,"""Suggest Reply"",other,
1802,"""Suggest Times"",other,
1803,"""Suggested Reply"",other,
1804,"""Suggested Times"",other,
1805,"""Suggested window"",other,
1806,"""Suggestion failed"",errors,
1807,"""Summarization failed"",errors,
1808,"""Summarize"",other,
1809,"""Summarizing..."",other,
1810,"""Summary"",other,
1811,"""Sun"",other,
1812,"""Sunday"",other,
1813,"""Surname"",other,
1814,"""Swipe to change day"",sentences,
1815,"""Sync every"",other,
1816,"""Sync failed"",errors,
1817,"""Sync now"",other,
1818,"""Syncing with your calendar…"",calendar,
1819,"""System"",other,
1820,"""System Health"",other,
1821,"""System Settings"",settings,
1822,"""System settings saved successfully."",settings,
1823,"""TL;DR for long email threads. Extractive summarization returns the most important sentences."",mail,
1824,"""TLS"",other,
1825,"""TTL"",other,
1826,"""Tamper-proof log of admin and user actions. Entries are append-only and cannot be modified or deleted."",actions,
1827,"""Target"",other,
1828,"""Target User"",auth,
1829,"""Task"",tasks,
1830,"""Task created"",tasks,
1831,"""Task deleted"",tasks,
1832,"""Task updated"",tasks,
1833,"""Tasks"",tasks,
1834,"""Tell how you store the symmetric key of your password algorithm"",auth,
1835,"""Tell what info to add with the autocompletion result. Is shown as 'cn <extra> mail'"",mail,
1836,"""Templates"",other,
1837,"""Tentative"",other,
1838,"""Text color in the header"",sentences,
1839,"""Text color in the sidebar"",sentences,
1840,"""Text color on primary backgrounds"",sentences,
1841,"""The DN of the login name to use for binding to your server."",auth,
1842,"""The ICS calendar has been added."",calendar,
1843,"""The address book could not be found."",contacts,
1844,"""The address book has been created."",contacts,
1845,"""The address book has been removed."",contacts,
1846,"""The address book has been updated."",contacts,
1847,"""The application could not connect to the server. Please try again later or contact your administrator."",contacts,
1848,"""The attachment could not be downloaded. Please try again."",sentences,
1849,"""The background job could not be found."",sentences,
1850,"""The base URL of your Collabora or OnlyOffice server. Leave default for demo mode."",sentences,
1851,"""The calendar has been removed."",calendar,
1852,"""The calendar has been successfully created."",calendar,
1853,"""The calendar has been successfully deleted."",calendar,
1854,"""The calendar has been successfully updated."",calendar,
1855,"""The calendar has been synchronized."",calendar,
1856,"""The contact could not be found."",contacts,
1857,"""The contact could not be saved."",contacts,
1858,"""The contact could not be updated."",contacts,
1859,"""The contact has been added to your address book."",contacts,
1860,"""The contact has been moved to another address book."",contacts,
1861,"""The contact has been removed."",contacts,
1862,"""The contact has been updated."",contacts,
1863,"""The default view when you open the app."",sentences,
1864,"""The distribution list could not be found."",sentences,
1865,"""The distribution list could not be saved."",actions,
1866,"""The distribution list could not be updated."",sentences,
1867,"""The event has been successfully created."",calendar,
1868,"""The event has been successfully deleted."",calendar,
1869,"""The event has been successfully updated."",calendar,
1870,"""The export is not ready yet. Please wait and try again."",sentences,
1871,"""The folder export has been started."",sentences,
1872,"""The folder has been moved to Trash or permanently deleted."",actions,
1873,"""The folder has been moved."",sentences,
1874,"""The folder has been successfully renamed."",sentences,
1875,"""The folder type has been updated."",sentences,
1876,"""The import file could not be parsed."",sentences,
1877,"""The import file exceeds the maximum allowed size (10 MB)."",sentences,
1878,"""The label was applied to this message."",mail,
1879,"""The label was removed from this message."",mail,
1880,"""The language used in the app."",sentences,
1881,"""The message was moved successfully."",mail,
1882,"""The message was moved to Junk."",mail,
1883,"""The message was moved to your Inbox."",mail,
1884,"""The operation could not be completed. Please try again."",sentences,
1885,"""The password for your bind DN"",auth,
1886,"""The photo exceeds the maximum allowed size (2 MB)."",sentences,
1887,"""The selected export format is not supported."",sentences,
1888,"""The subfolder has been successfully created."",sentences,
1889,"""The task has been created."",tasks,
1890,"""The task has been deleted."",tasks,
1891,"""The task has been updated."",tasks,
1892,"""The time zone you are in."",sentences,
1893,"""The vacation message is sent prior to applying your filters."",mail,
1894,"""Theme"",other,
1895,"""Theme Settings"",settings,
1896,"""Theme settings saved successfully"",settings,
1897,"""There was an error with one or more email addresses"",mail,
1898,"""This action cannot be undone."",sentences,
1899,"""This action is not available yet"",sentences,
1900,"""This address book is not shared with anyone yet."",contacts,
1901,"""This address book is read-only."",contacts,
1902,"""This address is already in the list"",contacts,
1903,"""This and following events"",calendar,
1904,"""This calendar is not shared with anyone yet."",calendar,
1905,"""This contact will be permanently removed from your address book."",contacts,
1906,"""This distribution list will be permanently removed from your address book."",contacts,
1907,"""This event has been added to your calendar."",calendar,
1908,"""This event has been cancelled."",calendar,
1909,"""This event only"",calendar,
1910,"""This feature is currently under development."",sentences,
1911,"""This field is required"",sentences,
1912,"""This file type is not allowed for contact photos."",contacts,
1913,"""This filter uses an advanced rule structure that cannot be edited in the simplified editor. You can still enable or disable it, or delete it."",actions,
1914,"""This filter will be removed when you save your changes."",actions,
1915,"""This folder cannot contain messages. Expand it in the sidebar to browse subfolders."",mail,
1916,"""This folder no longer exists."",sentences,
1917,"""This identity will be selected by default when composing new messages"",mail,
1918,"""This is an informational message."",mail,
1919,"""This job has no downloadable result."",sentences,
1920,"""This message contains external images.  Click to display them."",mail,
1921,"""This message has no content. Do you want to send it anyway?"",mail,
1922,"""This message has no subject and no content. Do you want to send it anyway?"",mail,
1923,"""This message has no subject. Do you want to send it anyway?"",mail,
1924,"""This message will be moved to Junk."",mail,
1925,"""This message will be moved to Trash."",mail,
1926,"""This message will be moved to your Inbox."",mail,
1927,"""This operation is not supported for this address book."",contacts,
1928,"""This participant has already been added"",sentences,
1929,"""This user already has access."",auth,
1930,"""This weekend"",other,
1931,"""Thu"",other,
1932,"""Thursday"",other,
1933,"""Tick the box to add a policy on user's password. This policy will be used when the user change it or if you enable the 'check password strenght on login'"",auth,
1934,"""Ticket created"",other,
1935,"""Ticket updated"",other,
1936,"""Time"",other,
1937,"""Time Style"",other,
1938,"""Time where a user is forbidden to send mail after triggering 'Max mail sent'"",mail,
1939,"""Timespan in second where 'Max mail sent' i"",mail,
1940,"""Timestamp"",other,
1941,"""Timezone"",other,
1942,"""Timezone (event)"",calendar,
1943,"""Timezone in which this event's dates are interpreted"",calendar,
1944,"""Title"",other,
1945,"""Title and at least one step with email are required"",mail,
1946,"""Title and transcript text are required"",sentences,
1947,"""Title, duration, times, and at least one day are required"",sentences,
1948,"""Title, participants, and at least one time slot are required"",sentences,
1949,"""To"",other,
1950,"""To do"",other,
1951,"""To limit the number of requests made to your openID server to check the token validity, set a interval in second where the token won't be checked again after a first success. 0 means the token will always be checked. 60 means the token won't be checked for 60 secondes after a first success"",sentences,
1952,"""To or CC"",other,
1953,"""Today"",other,
1954,"""Toggle email forwarding"",mail,
1955,"""Toggle filter"",other,
1956,"""Toggle mail notifications"",mail,
1957,"""Token check interval"",other,
1958,"""Tomorrow"",other,
1959,"""Too many background jobs are running. Please try again later."",sentences,
1960,"""Total"",other,
1961,"""Total Backups"",other,
1962,"""Total Donors"",other,
1963,"""Total Hours"",other,
1964,"""Total Raised"",other,
1965,"""Track donors, manage GDPR consent, generate tax receipts, and run campaigns"",sentences,
1966,"""Track schema versions and migration history. Run migrations from the admin panel."",sentences,
1967,"""Transcript / Notes"",other,
1968,"""Transcript saved"",actions,
1969,"""Transfer incoming messages"",mail,
1970,"""Trash"",other,
1971,"""Trigger"",other,
1972,"""Trigger Backup"",other,
1973,"""Tritanopia"",other,
1974,"""Trust Service Certificates"",other,
1975,"""Try Again"",other,
1976,"""Try a different search term or clear the filter."",sentences,
1977,"""Try again"",other,
1978,"""Tue"",other,
1979,"""Tuesday"",other,
1980,"""Two-Factor Authentication (TOTP)"",other,
1981,"""Two-factor authentication adds an extra layer of security to your account. Once enabled, you will be required to enter a unique code generated by an authenticator app on your phone each time you log in."",sentences,
1982,"""Type"",other,
1983,"""UID"",other,
1984,"""UID Number"",other,
1985,"""UID Number (optional)"",other,
1986,"""UID field"",other,
1987,"""URL"",other,
1988,"""URL and at least one event are required"",calendar,
1989,"""URL of the CAS server"",sentences,
1990,"""URL of the custom logo image (optional)"",sentences,
1991,"""URLs"",other,
1992,"""Unable to copy to clipboard. Please try again."",sentences,
1993,"""Unable to load messages. Please try again later."",mail,
1994,"""Unable to reach the server. The connection may be busy — please try again."",sentences,
1995,"""Unable to remove this calendar."",calendar,
1996,"""Unable to subscribe to this calendar."",calendar,
1997,"""Unable to sync this calendar."",calendar,
1998,"""Unknown authentication provider"",other,
1999,"""Unknown sender"",other,
2000,"""Unread"",other,
2001,"""Unseen only"",other,
2002,"""Unsubscribe"",other,
2003,"""Unsupported file type. Use .pdf, .docx, .xlsx, or .pptx"",sentences,
2004,"""Upcoming"",other,
2005,"""Update Event"",calendar,
2006,"""Update failed"",errors,
2007,"""Update resource properties."",other,
2008,"""Update rule: {name}"",other,
2009,"""Upload"",other,
2010,"""Upload a CSV file with user data to create or update accounts."",auth,
2011,"""Upload a contacts or distribution list file to import."",contacts,
2012,"""Upload a photo"",other,
2013,"""Upload your S/MIME certificate file"",sentences,
2014,"""Uploading attachment..."",other,
2015,"""Uptime"",other,
2016,"""Url of the OopenID Provider endpoint"",sentences,
2017,"""Usage Quotas"",other,
2018,"""Use a master account for all system messages (event, notifications...)"",mail,
2019,"""Use as default identity"",sentences,
2020,"""Use template"",other,
2021,"""Use your device's biometric sensor or security key to authenticate."",sentences,
2022,"""User"",auth,
2023,"""User Autcompletion limit"",auth,
2024,"""User Auto Display in GAB"",auth,
2025,"""User Extra Contact Info"",contacts,
2026,"""User Hidden"",auth,
2027,"""User ID (email)"",mail,
2028,"""User Kind"",auth,
2029,"""User Links"",auth,
2030,"""User Mail Field"",mail,
2031,"""User Mail Filtering Login"",mail,
2032,"""User Mail Outgoing Login"",mail,
2033,"""User Mail Server Login"",mail,
2034,"""User Management"",auth,
2035,"""User Password Digits Min"",auth,
2036,"""User Password Lowercase Min"",auth,
2037,"""User Password Maximum Length"",auth,
2038,"""User Password Minimun Length"",auth,
2039,"""User Password Policy"",auth,
2040,"""User Password Special Allowed"",auth,
2041,"""User Password Special Min"",auth,
2042,"""User Password Uppercase Min"",auth,
2043,"""User Resource Extra Info"",auth,
2044,"""User Resource Multibooking"",auth,
2045,"""User Resource Search"",auth,
2046,"""User Search Field"",auth,
2047,"""User Source"",auth,
2048,"""User Source Display Name"",auth,
2049,"""User Source Has Resource"",auth,
2050,"""User Source Is Addresssbook"",contacts,
2051,"""User Source Mapping"",auth,
2052,"""User Source Password Algorithm"",auth,
2053,"""User Source UID"",auth,
2054,"""User Source type"",auth,
2055,"""User and Module settings"",settings,
2056,"""User created successfully"",auth,
2057,"""User deleted successfully"",actions,
2058,"""User deprovisioned"",auth,
2059,"""User provisioned successfully"",auth,
2060,"""User updated successfully"",auth,
2061,"""User, folder, and mail UID are required"",mail,
2062,"""User-defined multi-step actions triggered with a single click from the mail list."",mail,
2063,"""Username"",auth,
2064,"""Username/Email"",mail,
2065,"""Users"",auth,
2066,"""Users on this User Source can login to the webmail"",mail,
2067,"""Vacation"",other,
2068,"""Vacation Settings"",settings,
2069,"""Vacation auto reply has been disabled by your administrator."",sentences,
2070,"""Vacation settings saved"",settings,
2071,"""Valid"",other,
2072,"""Validate"",other,
2073,"""Validate DMARC Record"",other,
2074,"""Validate SPF Record"",other,
2075,"""Value"",other,
2076,"""Value depends of the type.
If 'path', insert here the file path where SOGo will find your symmetric key.
If 'env', set the name of the ENV variable where the key is.
If 'plain', directly put here the key"",sentences,
2077,"""Vehicle"",other,
2078,"""Verification Code"",other,
2079,"""Verify"",other,
2080,"""Verify Signature"",other,
2081,"""Version"",other,
2082,"""Version History"",other,
2083,"""Video Conference"",other,
2084,"""View all tasks"",tasks,
2085,"""View and manage active user sessions"",auth,
2086,"""View and set per-user resource limits for mailbox size, calendars, and contacts."",mail,
2087,"""View contact"",contacts,
2088,"""View in calendar"",calendar,
2089,"""View source"",other,
2090,"""Virtual folder"",other,
2091,"""Virtual folder — expand to browse subfolders"",sentences,
2092,"""Visibility"",other,
2093,"""Visual Identity"",other,
2094,"""Visual attendee schedule overlay. Check availability when creating events."",calendar,
2095,"""Volunteer Scheduling"",other,
2096,"""Volunteer registered"",other,
2097,"""Volunteers"",other,
2098,"""Waiting for device interaction — follow the prompts on your device."",sentences,
2099,"""Warning"",errors,
2100,"""We'll forward new messages to these addresses"",mail,
2101,"""We'll send notifications to these addresses when filters are triggered"",contacts,
2102,"""We're working hard to bring you this feature."",sentences,
2103,"""Webhook URL"",other,
2104,"""Webhook created"",other,
2105,"""Webhook deleted"",actions,
2106,"""Webhooks"",other,
2107,"""Wed"",other,
2108,"""Wednesday"",other,
2109,"""Week"",other,
2110,"""Week(s)"",other,
2111,"""Weekly"",other,
2112,"""When composing messages, your default identity will be used instead of the account-specific one"",mail,
2113,"""When replying to a message"",mail,
2114,"""Which events do you want to modify?"",calendar,
2115,"""With Attachments"",other,
2116,"""Work"",other,
2117,"""Workday end time"",other,
2118,"""Workday start time"",other,
2119,"""Workflow Builder"",other,
2120,"""Workflow Name"",other,
2121,"""Workflow created"",other,
2122,"""Workflow deleted"",actions,
2123,"""Workflows"",other,
2124,"""Write"",other,
2125,"""Write message"",mail,
2126,"""Write new message"",mail,
2127,"""Year unknown (month and day only)"",sentences,
2128,"""Year(s)"",other,
2129,"""Yearly"",other,
2130,"""You"",other,
2131,"""You accepted this event"",calendar,
2132,"""You accepted this event."",calendar,
2133,"""You are about to delete {count, plural, one {# task} other {# tasks}}. This action cannot be undone."",tasks,
2134,"""You are currently using a demo version of the application. Some features may be limited."",sentences,
2135,"""You declined this event"",calendar,
2136,"""You declined this event."",calendar,
2137,"""You do not have access to this background job."",sentences,
2138,"""You do not have permission to modify this address book."",contacts,
2139,"""You have unsaved changes"",actions,
2140,"""You have unsaved changes."",actions,
2141,"""You marked this event as maybe."",calendar,
2142,"""Your Slots"",other,
2143,"""Your account password (stored securely)"",auth,
2144,"""Your attachment has been uploaded successfully."",sentences,
2145,"""Your attendance was updated."",sentences,
2146,"""Your browser or device will guide you through setting up a passkey using biometrics, a PIN, or an external security key."",settings,
2147,"""Your email has been discarded."",mail,
2148,"""Your email has been saved as a draft."",mail,
2149,"""Your email has been sent successfully."",mail,
2150,"""Your external Accounts"",other,
2151,"""Your filters"",other,
2152,"""Your mail filters have been updated."",mail,
2153,"""Your mail forwarding settings have been updated."",mail,
2154,"""Your mail notification settings have been updated."",mail,
2155,"""Your server does not support mail notifications (enotify extension). Settings were not saved."",mail,
2156,"""Your vacation auto reply has been updated."",sentences,
2157,"""above the mail"",mail,
2158,"""above the quote"",other,
2159,"""and place the signature"",sentences,
2160,"""at"",other,
2161,"""at time of event"",calendar,
2162,"""before"",other,
2163,"""below the mail"",mail,
2164,"""below the quote"",other,
2165,"""body { font-family: sans-serif; }"",sentences,
2166,"""by"",other,
2167,"""day before"",other,
2168,"""days"",other,
2169,"""e-mail"",mail,
2170,"""e.g. French LDAP Rules"",sentences,
2171,"""e.g. Q1 Planning Meeting"",calendar,
2172,"""e.g. Update mail server settings"",mail,
2173,"""e.g. Welcome to My Company Mail"",mail,
2174,"""e.g. Work, Archives…"",other,
2175,"""e.g. n8n Workflow"",other,
2176,"""e.g. © 2026 My Company"",sentences,
2177,"""e.g., 30"",other,
2178,"""eIDAS Qualified Signatures"",other,
2179,"""eIDAS Signatures"",other,
2180,"""email@domain.com"",mail,
2181,"""email@example.com"",mail,
2182,"""entries"",other,
2183,"""entry"",other,
2184,"""event"",calendar,
2185,"""example.org, domain2.org"",other,
2186,"""hardfail"",errors,
2187,"""https://example.com"",other,
2188,"""imap.example.com"",other,
2189,"""min before"",other,
2190,"""monitor only"",other,
2191,"""name@example.com"",other,
2192,"""neutral"",other,
2193,"""no policy"",other,
2194,"""notification"",other,
2195,"""occurrences"",other,
2196,"""of the month"",other,
2197,"""quarantine failures"",errors,
2198,"""reject failures"",errors,
2199,"""relaxed"",other,
2200,"""resource"",other,
2201,"""resources"",other,
2202,"""smtp.example.com"",other,
2203,"""softfail"",errors,
2204,"""strict"",other,
2205,"""students"",other,
2206,"""user's email key"",mail,
2207,"""user@example.com"",auth,
2208,"""vCard 3.0"",other,
2209,"""vCard 4.0"",other,
2210,"""{count, plural, one {# event} other {# events}}"",calendar,
2211,"""{count, plural, one {# selected} other {# selected}}"",sentences,
2212,"""{count} days before"",other,
2213,"""{count} hours before"",other,
2214,"""{count} minutes before"",other,
2215,"""{count} of {max} email addresses added"",mail,
2216,"""{count} sessions revoked successfully"",sentences,
2217,"""{count}m ago"",other,
2218,"""{hour}h"",other,
2219,"""{name}"",other,
2220,"""{name} is read-only. You cannot edit contacts or lists."",contacts,
2221,"""{name} responded: {status}"",other,
2222,"""{name} · free · {time}"",sentences,
2223,"""{number, plural, one {# contact} other {# contacts}}"",contacts,
2224,"""{number, plural, one {# list} other {# lists}}"",sentences,
2225,"""{number, plural, one {# member selected} other {# members selected}}"",sentences,
2226,"""{number, plural, one {# member} other {# members}}"",sentences,
2227,"""{number, plural, one {# message} other {# messages}}"",mail,
2228,"""{number, plural, one {# selected} other {# selected}}"",sentences,
2229,"""{selected} of {total} row(s) selected."",sentences,
2230,"""← Swipe to navigate →"",sentences,
2231,"""← Swipe to see all days →"",sentences,
